"Date","Price","Open","High","Low","Vol.","Change %"
"Dec 31, 2019","4.983","4.995","5.004","4.953","5.62M","-0.44%"
"Dec 30, 2019","5.005","5.013","5.045","5.005","9.53M","-0.67%"
"Dec 27, 2019","5.039","5.020","5.084","4.920","10.07M","-0.43%"
"Dec 24, 2019","5.061","5.042","5.070","5.031","2.89M","-0.57%"
"Dec 23, 2019","5.090","5.100","5.123","5.067","36.28M","-1.01%"
"Dec 20, 2019","5.142","5.112","5.166","5.106","51.16M","-0.23%"
"Dec 19, 2019","5.154","5.087","5.154","5.078","79.88M","1.16%"
"Dec 18, 2019","5.095","5.042","5.110","5.042","25.78M","0.93%"
"Dec 17, 2019","5.048","5.047","5.062","5.016","14.76M","-0.34%"
"Dec 16, 2019","5.065","4.973","5.068","4.968","19.83M","2.34%"
"Dec 13, 2019","4.949","5.040","5.069","4.945","51.16M","0.57%"
"Dec 12, 2019","4.921","4.782","4.939","4.745","37.28M","3.30%"
"Dec 11, 2019","4.764","4.739","4.809","4.732","25.84M","0.08%"
"Dec 10, 2019","4.760","4.760","4.772","4.682","19.88M","0.08%"
"Dec 09, 2019","4.756","4.790","4.837","4.756","22.68M","-0.56%"
"Dec 06, 2019","4.783","4.738","4.798","4.715","13.33M","1.25%"
"Dec 05, 2019","4.724","4.738","4.785","4.716","30.11M","-0.11%"
"Dec 04, 2019","4.729","4.641","4.750","4.641","28.08M","1.55%"
"Dec 03, 2019","4.657","4.707","4.729","4.633","46.60M","-0.79%"
"Dec 02, 2019","4.694","4.788","4.843","4.691","26.56M","-1.84%"
"Nov 29, 2019","4.782","4.798","4.832","4.768","15.58M","-0.52%"
"Nov 28, 2019","4.807","4.798","4.819","4.782","12.72M","-0.46%"
"Nov 27, 2019","4.829","4.795","4.849","4.775","18.11M","0.77%"
"Nov 26, 2019","4.792","4.824","4.824","4.763","19.03M","-0.50%"
"Nov 25, 2019","4.816","4.824","4.867","4.798","10.70M","0.38%"
"Nov 22, 2019","4.798","4.782","4.854","4.764","19.15M","0.78%"
"Nov 21, 2019","4.761","4.703","4.772","4.678","13.93M","0.74%"
"Nov 20, 2019","4.726","4.718","4.741","4.660","12.88M","-0.76%"
"Nov 19, 2019","4.762","4.760","4.823","4.745","12.41M","0.55%"
"Nov 18, 2019","4.736","4.793","4.822","4.691","16.59M","-0.67%"
"Nov 15, 2019","4.768","4.782","4.806","4.732","18.03M","0.59%"
"Nov 14, 2019","4.740","4.764","4.774","4.713","13.96M","-0.34%"
"Nov 13, 2019","4.756","4.865","4.880","4.715","26.06M","-3.27%"
"Nov 12, 2019","4.917","4.971","5.002","4.907","18.79M","-0.55%"
"Nov 11, 2019","4.944","4.925","4.965","4.892","14.02M","-0.28%"
"Nov 08, 2019","4.958","4.960","5.004","4.916","24.55M","-0.62%"
"Nov 07, 2019","4.989","4.904","4.998","4.885","18.90M","1.73%"
"Nov 06, 2019","4.904","4.980","5.035","4.885","19.11M","-1.01%"
"Nov 05, 2019","4.954","4.900","4.973","4.881","29.80M","1.56%"
"Nov 04, 2019","4.878","4.793","4.890","4.760","20.21M","3.06%"
"Nov 01, 2019","4.733","4.720","4.738","4.630","22.49M","0.21%"
"Oct 31, 2019","4.723","4.737","4.755","4.606","24.07M","-0.23%"
"Oct 30, 2019","4.734","4.851","4.864","4.690","33.39M","-2.51%"
"Oct 29, 2019","4.856","4.879","4.894","4.819","23.96M","-0.53%"
"Oct 28, 2019","4.882","4.886","4.905","4.850","12.04M","-0.06%"
"Oct 25, 2019","4.885","4.892","4.930","4.842","13.78M","-0.02%"
"Oct 24, 2019","4.886","4.930","4.967","4.865","16.25M","-0.45%"
"Oct 23, 2019","4.908","4.838","4.924","4.822","14.90M","0.43%"
"Oct 22, 2019","4.887","4.893","4.919","4.818","16.74M","-0.10%"
"Oct 21, 2019","4.892","4.800","4.909","4.788","18.28M","2.36%"
"Oct 18, 2019","4.779","4.705","4.790","4.705","18.97M","1.10%"
"Oct 17, 2019","4.727","4.779","4.876","4.727","22.81M","-1.68%"
"Oct 16, 2019","4.808","4.731","4.837","4.654","22.52M","1.24%"
"Oct 15, 2019","4.749","4.689","4.753","4.632","23.39M","2.46%"
"Oct 14, 2019","4.635","4.670","4.682","4.587","14.38M","-1.72%"
"Oct 11, 2019","4.716","4.542","4.719","4.542","23.30M","1.90%"
"Oct 10, 2019","4.628","4.516","4.628","4.510","18.48M","2.71%"
"Oct 09, 2019","4.506","4.520","4.555","4.481","12.99M","0.02%"
"Oct 08, 2019","4.505","4.607","4.620","4.462","16.22M","-1.79%"
"Oct 07, 2019","4.587","4.543","4.614","4.487","13.64M","1.15%"
"Oct 04, 2019","4.535","4.546","4.560","4.484","15.36M","0.35%"
"Oct 03, 2019","4.519","4.555","4.555","4.463","17.38M","0.00%"
"Oct 02, 2019","4.519","4.686","4.706","4.519","21.27M","-3.85%"
"Oct 01, 2019","4.700","4.820","4.828","4.700","16.18M","-1.67%"
"Sep 30, 2019","4.780","4.780","4.806","4.739","21.03M","0.70%"
"Sep 27, 2019","4.747","4.710","4.769","4.681","12.39M","1.13%"
"Sep 26, 2019","4.694","4.652","4.711","4.635","13.01M","0.38%"
"Sep 25, 2019","4.676","4.638","4.683","4.561","15.39M","0.13%"
"Sep 24, 2019","4.670","4.703","4.726","4.654","15.26M","-0.34%"
"Sep 23, 2019","4.686","4.841","4.850","4.674","26.23M","-4.37%"
"Sep 20, 2019","4.900","4.770","4.900","4.752","56.44M","2.40%"
"Sep 19, 2019","4.785","4.722","4.785","4.694","15.00M","1.98%"
"Sep 18, 2019","4.692","4.720","4.743","4.646","16.20M","-0.11%"
"Sep 17, 2019","4.697","4.771","4.782","4.669","18.44M","-2.04%"
"Sep 16, 2019","4.795","4.825","4.846","4.758","15.76M","-1.44%"
"Sep 13, 2019","4.865","4.770","4.872","4.758","27.14M","2.88%"
"Sep 12, 2019","4.729","4.678","4.775","4.554","26.76M","1.13%"
"Sep 11, 2019","4.676","4.740","4.772","4.653","19.60M","-0.43%"
"Sep 10, 2019","4.696","4.600","4.702","4.542","23.78M","2.04%"
"Sep 09, 2019","4.602","4.508","4.602","4.501","15.19M","2.49%"
"Sep 06, 2019","4.490","4.483","4.560","4.460","15.55M","-0.13%"
"Sep 05, 2019","4.496","4.359","4.497","4.350","24.41M","4.24%"
"Sep 04, 2019","4.313","4.338","4.363","4.303","12.70M","0.63%"
"Sep 03, 2019","4.286","4.268","4.319","4.242","14.72M","0.21%"
"Sep 02, 2019","4.277","4.296","4.330","4.277","8.06M","-0.74%"
"Aug 30, 2019","4.309","4.332","4.359","4.292","12.93M","-0.30%"
"Aug 29, 2019","4.322","4.266","4.368","4.263","14.91M","1.12%"
"Aug 28, 2019","4.274","4.290","4.312","4.244","11.51M","-0.37%"
"Aug 27, 2019","4.290","4.295","4.333","4.261","16.22M","0.33%"
"Aug 26, 2019","4.276","4.213","4.308","4.213","10.22M","0.85%"
"Aug 23, 2019","4.240","4.354","4.373","4.240","15.94M","-1.97%"
"Aug 22, 2019","4.325","4.229","4.371","4.229","15.13M","2.22%"
"Aug 21, 2019","4.231","4.204","4.261","4.204","9.79M","0.57%"
"Aug 20, 2019","4.207","4.250","4.258","4.190","16.55M","-1.45%"
"Aug 19, 2019","4.269","4.396","4.425","4.269","18.29M","-2.20%"
"Aug 16, 2019","4.365","4.234","4.375","4.208","41.08M","3.09%"
"Aug 15, 2019","4.234","4.281","4.298","4.187","20.11M","-0.24%"
"Aug 14, 2019","4.244","4.322","4.325","4.215","22.63M","-2.50%"
"Aug 13, 2019","4.353","4.263","4.395","4.230","23.50M","1.80%"
"Aug 12, 2019","4.276","4.444","4.451","4.276","20.75M","-3.61%"
"Aug 09, 2019","4.436","4.457","4.484","4.420","17.87M","-1.81%"
"Aug 08, 2019","4.518","4.470","4.538","4.423","17.72M","2.52%"
"Aug 07, 2019","4.407","4.447","4.485","4.368","20.66M","-0.16%"
"Aug 06, 2019","4.414","4.478","4.487","4.407","18.28M","-1.03%"
"Aug 05, 2019","4.460","4.474","4.502","4.435","20.46M","-1.37%"
"Aug 02, 2019","4.522","4.530","4.588","4.492","27.34M","-2.46%"
"Aug 01, 2019","4.636","4.601","4.723","4.590","20.29M","0.80%"
"Jul 31, 2019","4.599","4.680","4.725","4.570","25.00M","-1.25%"
"Jul 30, 2019","4.657","4.787","4.793","4.622","24.45M","-3.02%"
"Jul 29, 2019","4.802","4.821","4.848","4.777","11.45M","-0.64%"
"Jul 26, 2019","4.833","4.867","4.887","4.816","14.39M","-1.25%"
"Jul 25, 2019","4.894","4.878","5.046","4.860","27.63M","0.33%"
"Jul 24, 2019","4.878","4.851","4.905","4.830","13.45M","-0.04%"
"Jul 23, 2019","4.880","4.787","4.902","4.771","18.14M","2.85%"
"Jul 22, 2019","4.745","4.777","4.792","4.711","16.09M","-0.73%"
"Jul 19, 2019","4.780","4.861","4.901","4.758","21.04M","-1.57%"
"Jul 18, 2019","4.856","4.879","4.894","4.812","16.70M","-1.00%"
"Jul 17, 2019","4.905","4.952","4.965","4.900","14.72M","-1.33%"
"Jul 16, 2019","4.971","4.947","5.008","4.913","16.47M","0.91%"
"Jul 15, 2019","4.926","4.915","4.941","4.873","14.56M","0.59%"
"Jul 12, 2019","4.897","4.952","4.985","4.897","17.76M","-0.67%"
"Jul 11, 2019","4.930","4.963","4.973","4.883","16.83M","-0.28%"
"Jul 10, 2019","4.944","4.930","5.004","4.888","19.73M","-0.14%"
"Jul 09, 2019","4.951","4.965","4.973","4.910","17.03M","-0.68%"
"Jul 08, 2019","4.985","5.050","5.082","4.961","15.37M","-1.83%"
"Jul 05, 2019","5.078","5.083","5.135","5.034","15.02M","-0.18%"
"Jul 04, 2019","5.087","5.009","5.098","5.009","16.73M","1.19%"
"Jul 03, 2019","5.027","4.903","5.027","4.886","14.53M","1.97%"
"Jul 02, 2019","4.930","4.976","4.992","4.888","13.68M","-0.86%"
"Jul 01, 2019","4.973","4.981","5.026","4.973","14.33M","1.14%"
"Jun 28, 2019","4.917","4.910","4.934","4.888","13.44M","0.29%"
"Jun 27, 2019","4.903","4.912","4.972","4.865","15.37M","0.18%"
"Jun 26, 2019","4.894","4.861","4.930","4.834","18.47M","0.33%"
"Jun 25, 2019","4.878","4.887","4.893","4.831","13.83M","-0.79%"
"Jun 24, 2019","4.917","4.921","4.974","4.883","11.18M","-0.02%"
"Jun 21, 2019","4.918","4.960","5.014","4.891","44.32M","-0.43%"
"Jun 20, 2019","4.939","5.010","5.029","4.939","25.41M","-1.42%"
"Jun 19, 2019","5.010","4.921","5.010","4.892","20.10M","2.20%"
"Jun 18, 2019","4.902","4.861","4.922","4.801","23.27M","0.72%"
"Jun 17, 2019","4.867","4.918","4.939","4.867","13.57M","-0.23%"
"Jun 14, 2019","4.878","4.905","4.915","4.862","13.66M","-0.75%"
"Jun 13, 2019","4.915","4.920","4.968","4.894","13.84M","-0.49%"
"Jun 12, 2019","4.939","4.950","4.960","4.878","20.46M","-1.22%"
"Jun 11, 2019","5.000","5.041","5.062","5.000","15.17M","-1.34%"
"Jun 10, 2019","5.068","5.015","5.080","4.989","16.54M","2.95%"
"Jun 07, 2019","4.923","4.949","4.974","4.880","15.41M","-0.42%"
"Jun 06, 2019","4.944","4.960","5.079","4.896","27.26M","-0.72%"
"Jun 05, 2019","4.980","5.000","5.017","4.905","19.12M","-0.60%"
"Jun 04, 2019","5.010","4.843","5.016","4.840","26.55M","3.04%"
"Jun 03, 2019","4.862","4.817","4.865","4.778","20.28M","-0.10%"
"May 31, 2019","4.867","4.923","4.949","4.843","43.42M","-4.10%"
"May 30, 2019","5.075","5.049","5.093","5.033","11.76M","1.56%"
"May 29, 2019","4.997","4.996","5.028","4.948","17.14M","-0.99%"
"May 28, 2019","5.047","5.041","5.047","4.956","21.31M","0.22%"
"May 27, 2019","5.036","5.083","5.097","5.011","6.30M","0.24%"
"May 24, 2019","5.024","4.992","5.050","4.969","12.90M","1.03%"
"May 23, 2019","4.973","4.990","5.026","4.955","18.66M","-1.05%"
"May 22, 2019","5.026","5.115","5.140","5.000","19.37M","-1.78%"
"May 21, 2019","5.117","5.108","5.148","5.071","13.68M","0.85%"
"May 20, 2019","5.074","5.130","5.207","5.053","19.55M","-1.51%"
"May 17, 2019","5.152","5.150","5.179","5.090","22.67M","-0.77%"
"May 16, 2019","5.192","5.076","5.192","5.045","17.28M","1.98%"
"May 15, 2019","5.091","5.064","5.117","5.008","17.46M","0.16%"
"May 14, 2019","5.083","5.023","5.083","5.001","17.21M","2.03%"
"May 13, 2019","4.982","5.084","5.093","4.966","17.58M","-1.89%"
"May 10, 2019","5.078","5.138","5.158","5.040","13.74M","-0.31%"
"May 09, 2019","5.094","5.128","5.173","5.065","19.14M","-2.04%"
"May 08, 2019","5.200","5.155","5.200","5.105","18.16M","1.09%"
"May 07, 2019","5.144","5.256","5.265","5.141","23.50M","-2.56%"
"May 06, 2019","5.279","5.230","5.298","5.206","15.01M","-1.07%"
"May 03, 2019","5.336","5.374","5.407","5.286","12.55M","-0.24%"
"May 02, 2019","5.349","5.410","5.469","5.342","17.10M","-1.27%"
"Apr 30, 2019","5.418","5.385","5.418","5.303","19.21M","0.06%"
"Apr 29, 2019","5.415","5.396","5.434","5.354","13.33M","0.71%"
"Apr 26, 2019","5.377","5.375","5.391","5.303","17.17M","0.24%"
"Apr 25, 2019","5.364","5.415","5.422","5.324","16.90M","-0.83%"
"Apr 24, 2019","5.409","5.450","5.504","5.362","17.82M","-1.22%"
"Apr 23, 2019","5.476","5.577","5.589","5.446","21.17M","-2.11%"
"Apr 18, 2019","5.594","5.620","5.633","5.505","25.78M","-0.09%"
"Apr 17, 2019","5.599","5.546","5.679","5.525","21.25M","1.32%"
"Apr 16, 2019","5.526","5.494","5.546","5.453","13.37M","0.82%"
"Apr 15, 2019","5.481","5.510","5.568","5.425","18.84M","-0.56%"
"Apr 12, 2019","5.512","5.368","5.522","5.325","25.89M","2.64%"
"Apr 11, 2019","5.370","5.318","5.409","5.270","16.80M","1.44%"
"Apr 10, 2019","5.294","5.363","5.382","5.268","14.77M","-0.97%"
"Apr 09, 2019","5.346","5.319","5.415","5.316","14.64M","0.24%"
"Apr 08, 2019","5.333","5.340","5.372","5.308","13.31M","-2.95%"
"Apr 05, 2019","5.495","5.501","5.535","5.481","22.15M","-0.05%"
"Apr 04, 2019","5.498","5.406","5.507","5.382","22.00M","1.57%"
"Apr 03, 2019","5.413","5.407","5.446","5.386","20.60M","1.60%"
"Apr 02, 2019","5.328","5.310","5.381","5.282","20.88M","0.41%"
"Apr 01, 2019","5.306","5.197","5.337","5.156","31.48M","4.18%"
"Mar 29, 2019","5.093","5.096","5.123","5.051","22.46M","0.91%"
"Mar 28, 2019","5.047","5.070","5.094","5.005","21.81M","-1.35%"
"Mar 27, 2019","5.116","5.165","5.284","5.093","28.28M","-0.52%"
"Mar 26, 2019","5.143","5.213","5.228","5.127","16.78M","-1.10%"
"Mar 25, 2019","5.200","5.163","5.264","5.119","17.72M","0.23%"
"Mar 22, 2019","5.188","5.406","5.411","5.163","25.64M","-3.43%"
"Mar 21, 2019","5.372","5.388","5.408","5.341","16.57M","-0.87%"
"Mar 20, 2019","5.419","5.470","5.490","5.418","15.97M","-1.20%"
"Mar 19, 2019","5.485","5.439","5.550","5.412","17.40M","1.18%"
"Mar 18, 2019","5.421","5.397","5.472","5.390","14.84M","0.89%"
"Mar 15, 2019","5.373","5.299","5.382","5.270","44.04M","1.72%"
"Mar 14, 2019","5.282","5.275","5.342","5.264","14.89M","0.13%"
"Mar 13, 2019","5.275","5.191","5.299","5.180","19.22M","1.81%"
"Mar 12, 2019","5.181","5.233","5.246","5.150","14.31M","-0.38%"
"Mar 11, 2019","5.201","5.172","5.225","5.130","12.87M","1.27%"
"Mar 08, 2019","5.136","5.165","5.190","5.093","18.74M","-1.59%"
"Mar 07, 2019","5.219","5.388","5.437","5.172","26.44M","-2.85%"
"Mar 06, 2019","5.372","5.300","5.426","5.290","15.18M","1.22%"
"Mar 05, 2019","5.307","5.338","5.390","5.245","22.12M","-0.54%"
"Mar 04, 2019","5.336","5.422","5.450","5.321","15.31M","-0.80%"
"Mar 01, 2019","5.379","5.496","5.510","5.379","20.43M","-1.74%"
"Feb 28, 2019","5.474","5.344","5.492","5.319","23.93M","1.80%"
"Feb 27, 2019","5.377","5.232","5.385","5.226","23.09M","2.44%"
"Feb 26, 2019","5.249","5.228","5.255","5.177","11.31M","-0.11%"
"Feb 25, 2019","5.255","5.265","5.289","5.230","10.92M","0.54%"
"Feb 22, 2019","5.227","5.210","5.280","5.204","13.46M","0.06%"
"Feb 21, 2019","5.224","5.245","5.256","5.190","13.55M","-0.25%"
"Feb 20, 2019","5.237","5.199","5.251","5.178","13.59M","0.93%"
"Feb 19, 2019","5.189","5.200","5.248","5.128","13.58M","-0.73%"
"Feb 18, 2019","5.227","5.208","5.259","5.203","10.81M","0.64%"
"Feb 15, 2019","5.194","5.025","5.218","4.998","31.05M","3.30%"
"Feb 14, 2019","5.028","5.122","5.125","4.990","19.69M","-1.43%"
"Feb 13, 2019","5.101","5.189","5.216","5.101","18.85M","-1.92%"
"Feb 12, 2019","5.201","5.165","5.209","5.100","19.01M","1.68%"
"Feb 11, 2019","5.115","5.102","5.174","5.089","12.29M","1.13%"
"Feb 08, 2019","5.058","5.070","5.116","5.017","16.81M","-0.37%"
"Feb 07, 2019","5.077","5.210","5.235","5.068","19.90M","-3.13%"
"Feb 06, 2019","5.241","5.171","5.245","5.164","17.10M","0.34%"
"Feb 05, 2019","5.223","5.183","5.230","5.156","22.47M","1.01%"
"Feb 04, 2019","5.171","5.178","5.222","5.110","15.84M","-0.50%"
"Feb 01, 2019","5.197","5.205","5.261","5.062","23.99M","0.52%"
"Jan 31, 2019","5.170","5.284","5.293","5.087","24.38M","-1.67%"
"Jan 30, 2019","5.258","5.270","5.299","5.235","13.68M","-0.04%"
"Jan 29, 2019","5.260","5.256","5.281","5.211","13.28M","0.29%"
"Jan 28, 2019","5.245","5.275","5.331","5.234","14.76M","-1.11%"
"Jan 25, 2019","5.304","5.253","5.309","5.220","17.98M","1.90%"
"Jan 24, 2019","5.205","5.247","5.270","5.145","19.26M","-0.42%"
"Jan 23, 2019","5.227","5.158","5.265","5.141","15.68M","1.10%"
"Jan 22, 2019","5.170","5.155","5.178","5.134","14.20M","-0.69%"
"Jan 21, 2019","5.206","5.200","5.210","5.156","8.29M","0.12%"
"Jan 18, 2019","5.200","5.089","5.200","5.074","30.15M","3.24%"
"Jan 17, 2019","5.037","5.065","5.110","5.024","18.76M","-1.43%"
"Jan 16, 2019","5.110","5.013","5.110","5.000","22.12M","2.43%"
"Jan 15, 2019","4.989","5.013","5.069","4.911","16.05M","0.00%"
"Jan 14, 2019","4.989","4.999","5.016","4.927","19.46M","-0.93%"
"Jan 11, 2019","5.036","4.980","5.049","4.944","19.02M","1.04%"
"Jan 10, 2019","4.984","4.908","5.005","4.883","15.95M","0.87%"
"Jan 09, 2019","4.941","4.920","5.027","4.899","21.94M","1.35%"
"Jan 08, 2019","4.875","4.860","4.923","4.835","16.37M","0.87%"
"Jan 07, 2019","4.833","4.883","4.894","4.801","15.31M","-0.37%"
"Jan 04, 2019","4.851","4.739","4.878","4.722","23.42M","3.74%"
"Jan 03, 2019","4.676","4.626","4.739","4.626","16.78M","0.28%"
"Jan 02, 2019","4.663","4.574","4.696","4.510","15.43M","0.58%"
"Dec 31, 2018","4.636","4.635","4.663","4.620","6.38M","-0.11%"
"Dec 28, 2018","4.641","4.559","4.648","4.550","18.32M","2.11%"
"Dec 27, 2018","4.545","4.600","4.638","4.476","31.74M","-0.29%"
"Dec 24, 2018","4.558","4.574","4.599","4.543","5.46M","-1.32%"
"Dec 21, 2018","4.619","4.633","4.660","4.534","45.31M","-0.75%"
"Dec 20, 2018","4.654","4.650","4.715","4.623","21.87M","-1.57%"
"Dec 19, 2018","4.728","4.705","4.784","4.704","20.01M","0.96%"
"Dec 18, 2018","4.683","4.702","4.764","4.671","23.96M","-0.49%"
"Dec 17, 2018","4.706","4.705","4.758","4.692","17.93M","-0.15%"
"Dec 14, 2018","4.713","4.702","4.724","4.601","17.83M","-0.51%"
"Dec 13, 2018","4.737","4.707","4.811","4.666","25.13M","1.87%"
"Dec 12, 2018","4.650","4.520","4.681","4.520","27.56M","2.49%"
"Dec 11, 2018","4.537","4.598","4.623","4.530","33.37M","-0.83%"
"Dec 10, 2018","4.575","4.676","4.710","4.565","21.30M","-2.47%"
"Dec 07, 2018","4.691","4.721","4.783","4.689","19.75M","0.00%"
"Dec 06, 2018","4.691","4.812","4.836","4.661","28.34M","-3.58%"
"Dec 05, 2018","4.865","4.888","4.902","4.810","19.43M","-1.30%"
"Dec 04, 2018","4.929","5.056","5.074","4.929","20.30M","-3.18%"
"Dec 03, 2018","5.091","5.100","5.160","5.091","20.25M","1.45%"
"Nov 30, 2018","5.018","5.003","5.019","4.947","20.58M","0.56%"
"Nov 29, 2018","4.990","5.030","5.070","4.981","15.20M","0.24%"
"Nov 28, 2018","4.978","4.925","5.010","4.925","18.45M","1.22%"
"Nov 27, 2018","4.918","5.020","5.059","4.855","40.23M","-3.28%"
"Nov 26, 2018","5.085","4.961","5.098","4.950","25.98M","3.46%"
"Nov 23, 2018","4.915","4.923","4.962","4.895","9.09M","0.20%"
"Nov 22, 2018","4.905","4.900","4.944","4.873","11.78M","-0.67%"
"Nov 21, 2018","4.938","4.880","4.963","4.865","18.93M","1.77%"
"Nov 20, 2018","4.852","4.900","4.900","4.822","20.44M","-1.18%"
"Nov 19, 2018","4.910","4.921","4.984","4.903","15.89M","-0.02%"
"Nov 16, 2018","4.911","5.003","5.015","4.909","34.33M","-1.33%"
"Nov 15, 2018","4.977","4.993","5.029","4.912","21.29M","0.10%"
"Nov 14, 2018","4.972","4.974","5.029","4.950","15.71M","-0.56%"
"Nov 13, 2018","5.000","4.925","5.009","4.925","21.56M","1.79%"
"Nov 12, 2018","4.912","5.025","5.049","4.900","28.96M","0.00%"
"Nov 09, 2018","4.912","5.050","5.050","4.852","66.48M","-5.85%"
"Nov 08, 2018","5.217","5.267","5.290","5.200","14.72M","-0.51%"
"Nov 07, 2018","5.244","5.400","5.400","5.237","27.36M","1.73%"
"Nov 06, 2018","5.155","5.199","5.205","5.101","13.58M","-1.00%"
"Nov 05, 2018","5.207","5.166","5.255","5.165","15.85M","0.83%"
"Nov 02, 2018","5.164","5.094","5.194","5.081","26.60M","2.62%"
"Nov 01, 2018","5.032","4.895","5.036","4.885","23.28M","3.01%"
"Oct 31, 2018","4.885","5.016","5.022","4.866","54.11M","-1.75%"
"Oct 30, 2018","4.972","5.200","5.226","4.969","37.18M","-3.14%"
"Oct 29, 2018","5.133","5.168","5.201","5.076","17.63M","0.88%"
"Oct 26, 2018","5.088","5.072","5.093","5.008","21.73M","-0.35%"
"Oct 25, 2018","5.106","4.985","5.134","4.972","25.40M","2.84%"
"Oct 24, 2018","4.965","5.077","5.077","4.965","19.63M","-2.03%"
"Oct 23, 2018","5.068","5.020","5.123","5.007","24.75M","-0.53%"
"Oct 22, 2018","5.095","5.285","5.321","5.094","19.65M","-2.13%"
"Oct 19, 2018","5.206","5.130","5.245","5.016","38.52M","0.99%"
"Oct 18, 2018","5.155","5.280","5.339","5.092","34.30M","-2.70%"
"Oct 17, 2018","5.298","5.380","5.407","5.276","15.65M","-1.18%"
"Oct 16, 2018","5.361","5.346","5.384","5.303","17.60M","0.79%"
"Oct 15, 2018","5.319","5.249","5.343","5.233","15.93M","1.04%"
"Oct 12, 2018","5.264","5.370","5.390","5.264","20.86M","-0.47%"
"Oct 11, 2018","5.289","5.193","5.356","5.182","35.63M","-0.08%"
"Oct 10, 2018","5.293","5.257","5.358","5.247","22.11M","-0.04%"
"Oct 09, 2018","5.295","5.242","5.303","5.181","26.33M","1.53%"
"Oct 08, 2018","5.215","5.200","5.242","5.103","20.47M","-0.91%"
"Oct 05, 2018","5.263","5.300","5.308","5.245","19.36M","-0.64%"
"Oct 04, 2018","5.297","5.345","5.398","5.290","26.76M","-0.88%"
"Oct 03, 2018","5.344","5.426","5.440","5.341","24.03M","-0.47%"
"Oct 02, 2018","5.369","5.458","5.468","5.369","30.68M","-2.65%"
"Oct 01, 2018","5.515","5.477","5.605","5.467","20.13M","0.46%"
"Sep 28, 2018","5.490","5.548","5.549","5.384","29.79M","-2.12%"
"Sep 27, 2018","5.609","5.536","5.609","5.462","19.11M","0.57%"
"Sep 26, 2018","5.577","5.601","5.624","5.561","13.86M","-0.38%"
"Sep 25, 2018","5.598","5.630","5.678","5.595","21.86M","0.09%"
"Sep 24, 2018","5.593","5.600","5.635","5.568","18.07M","-0.76%"
"Sep 21, 2018","5.636","5.742","5.785","5.605","56.16M","-0.74%"
"Sep 20, 2018","5.678","5.617","5.755","5.617","35.16M","1.47%"
"Sep 19, 2018","5.596","5.505","5.606","5.475","26.57M","2.01%"
"Sep 18, 2018","5.486","5.502","5.509","5.443","16.85M","-0.31%"
"Sep 17, 2018","5.503","5.430","5.528","5.428","20.38M","0.99%"
"Sep 14, 2018","5.449","5.478","5.479","5.384","21.20M","0.20%"
"Sep 13, 2018","5.438","5.213","5.461","5.209","40.25M","4.28%"
"Sep 12, 2018","5.215","5.210","5.220","5.137","15.33M","0.12%"
"Sep 11, 2018","5.209","5.229","5.255","5.155","17.24M","0.19%"
"Sep 10, 2018","5.199","5.166","5.275","5.150","15.87M","0.37%"
"Sep 07, 2018","5.180","5.230","5.257","5.118","22.85M","-0.92%"
"Sep 06, 2018","5.228","5.320","5.320","5.221","24.13M","-2.52%"
"Sep 05, 2018","5.363","5.347","5.426","5.297","21.83M","-0.09%"
"Sep 04, 2018","5.368","5.354","5.422","5.298","17.46M","0.26%"
"Sep 03, 2018","5.354","5.370","5.395","5.328","10.06M","-0.30%"
"Aug 31, 2018","5.370","5.394","5.411","5.353","21.15M","-0.20%"
"Aug 30, 2018","5.381","5.501","5.510","5.378","24.68M","-2.75%"
"Aug 29, 2018","5.533","5.510","5.545","5.455","11.76M","0.78%"
"Aug 28, 2018","5.490","5.590","5.608","5.490","17.66M","-1.45%"
"Aug 27, 2018","5.571","5.551","5.587","5.506","8.30M","0.69%"
"Aug 24, 2018","5.533","5.502","5.567","5.502","9.14M","0.20%"
"Aug 23, 2018","5.522","5.570","5.597","5.520","11.93M","-0.52%"
"Aug 22, 2018","5.551","5.489","5.582","5.480","16.37M","1.00%"
"Aug 21, 2018","5.496","5.400","5.539","5.390","13.45M","1.48%"
"Aug 20, 2018","5.416","5.469","5.514","5.394","13.64M","-0.44%"
"Aug 17, 2018","5.440","5.514","5.514","5.379","20.37M","-0.86%"
"Aug 16, 2018","5.487","5.466","5.516","5.410","21.23M","1.63%"
"Aug 15, 2018","5.399","5.479","5.530","5.335","27.48M","-0.99%"
"Aug 14, 2018","5.453","5.484","5.568","5.385","30.67M","-0.09%"
"Aug 13, 2018","5.458","5.478","5.528","5.400","40.65M","-3.23%"
"Aug 10, 2018","5.640","5.820","5.825","5.600","56.78M","-5.16%"
"Aug 09, 2018","5.947","6.000","6.005","5.917","15.87M","-0.92%"
"Aug 08, 2018","6.002","6.025","6.051","5.966","11.07M","-0.63%"
"Aug 07, 2018","6.040","6.060","6.086","6.025","11.52M","-0.02%"
"Aug 06, 2018","6.041","6.073","6.100","6.006","10.23M","-0.36%"
"Aug 03, 2018","6.063","6.054","6.110","6.010","10.24M","0.21%"
"Aug 02, 2018","6.050","6.189","6.190","6.022","27.51M","-2.80%"
"Aug 01, 2018","6.224","6.294","6.330","6.204","11.76M","-0.99%"
"Jul 31, 2018","6.286","6.210","6.330","6.210","19.23M","0.93%"
"Jul 30, 2018","6.228","6.166","6.255","6.152","13.19M","0.44%"
"Jul 27, 2018","6.201","6.190","6.328","6.159","18.50M","1.31%"
"Jul 26, 2018","6.121","6.074","6.168","6.070","16.65M","1.21%"
"Jul 25, 2018","6.048","6.156","6.160","6.034","16.13M","-1.75%"
"Jul 24, 2018","6.156","6.080","6.200","6.077","21.02M","2.16%"
"Jul 23, 2018","6.026","5.939","6.043","5.916","12.06M","0.92%"
"Jul 20, 2018","5.971","5.950","5.999","5.916","17.42M","-0.08%"
"Jul 19, 2018","5.976","6.000","6.071","5.949","13.39M","-0.47%"
"Jul 18, 2018","6.004","5.921","6.004","5.871","18.03M","1.16%"
"Jul 17, 2018","5.935","6.000","6.046","5.921","23.56M","-0.97%"
"Jul 16, 2018","5.993","6.014","6.064","5.967","11.42M","-0.66%"
"Jul 13, 2018","6.033","6.083","6.083","5.994","12.50M","-0.40%"
"Jul 12, 2018","6.057","6.079","6.090","5.984","13.76M","0.20%"
"Jul 11, 2018","6.045","6.140","6.160","6.045","19.28M","-2.69%"
"Jul 10, 2018","6.212","6.350","6.353","6.175","27.85M","-2.45%"
"Jul 09, 2018","6.368","6.400","6.439","6.364","12.69M","-0.02%"
"Jul 06, 2018","6.369","6.360","6.410","6.302","19.57M","0.95%"
"Jul 05, 2018","6.309","6.160","6.359","6.160","23.10M","2.82%"
"Jul 04, 2018","6.136","6.000","6.155","5.998","16.01M","1.93%"
"Jul 03, 2018","6.020","5.976","6.059","5.915","15.27M","1.24%"
"Jul 02, 2018","5.946","5.980","5.987","5.881","23.52M","-2.11%"
"Jun 29, 2018","6.074","6.050","6.160","6.037","22.52M","1.81%"
"Jun 28, 2018","5.966","5.920","6.005","5.911","13.27M","-0.03%"
"Jun 27, 2018","5.968","6.008","6.018","5.886","19.26M","-0.76%"
"Jun 26, 2018","6.014","6.002","6.044","5.916","17.66M","0.99%"
"Jun 25, 2018","5.955","5.998","6.040","5.945","17.63M","-1.73%"
"Jun 22, 2018","6.060","6.014","6.078","5.975","15.97M","1.47%"
"Jun 21, 2018","5.972","6.046","6.076","5.909","14.86M","-0.63%"
"Jun 20, 2018","6.010","6.020","6.080","6.000","18.49M","0.82%"
"Jun 19, 2018","5.961","5.850","5.994","5.800","16.78M","0.71%"
"Jun 18, 2018","5.919","5.950","6.015","5.906","13.92M","-0.97%"
"Jun 15, 2018","5.977","6.103","6.114","5.905","42.12M","-1.92%"
"Jun 14, 2018","6.094","6.080","6.110","6.030","19.68M","-0.10%"
"Jun 13, 2018","6.100","6.176","6.212","6.096","20.60M","-1.45%"
"Jun 12, 2018","6.190","6.250","6.269","6.190","17.66M","-0.26%"
"Jun 11, 2018","6.206","6.177","6.232","6.100","26.17M","2.11%"
"Jun 08, 2018","6.078","6.039","6.078","6.004","18.71M","-0.59%"
"Jun 07, 2018","6.114","6.050","6.188","6.050","25.06M","2.02%"
"Jun 06, 2018","5.993","5.924","5.999","5.845","23.06M","1.32%"
"Jun 05, 2018","5.915","6.037","6.075","5.914","22.45M","-2.34%"
"Jun 04, 2018","6.057","6.087","6.147","6.020","23.00M","0.65%"
"Jun 01, 2018","6.018","5.971","6.074","5.890","30.42M","3.07%"
"May 31, 2018","5.839","5.981","6.066","5.783","39.90M","-1.30%"
"May 30, 2018","5.916","5.950","6.022","5.825","36.05M","0.65%"
"May 29, 2018","5.878","6.070","6.087","5.850","42.31M","-4.17%"
"May 28, 2018","6.134","6.307","6.338","6.090","18.76M","-1.19%"
"May 25, 2018","6.208","6.408","6.416","6.124","33.72M","-2.79%"
"May 24, 2018","6.386","6.484","6.524","6.347","19.41M","-1.25%"
"May 23, 2018","6.467","6.572","6.572","6.392","24.41M","-2.24%"
"May 22, 2018","6.615","6.526","6.649","6.513","16.62M","1.64%"
"May 21, 2018","6.508","6.610","6.623","6.489","12.76M","-1.09%"
"May 18, 2018","6.580","6.700","6.706","6.546","30.18M","-1.89%"
"May 17, 2018","6.707","6.640","6.708","6.610","15.46M","1.31%"
"May 16, 2018","6.620","6.708","6.743","6.558","22.78M","-1.62%"
"May 15, 2018","6.729","6.828","6.855","6.669","17.99M","-1.52%"
"May 14, 2018","6.833","6.845","6.886","6.796","9.13M","-0.31%"
"May 11, 2018","6.854","6.852","6.885","6.838","9.56M","0.03%"
"May 10, 2018","6.852","6.820","6.852","6.789","11.12M","0.68%"
"May 09, 2018","6.806","6.768","6.810","6.735","10.88M","0.74%"
"May 08, 2018","6.756","6.791","6.817","6.730","14.45M","-0.47%"
"May 07, 2018","6.788","6.770","6.812","6.753","9.30M","0.68%"
"May 04, 2018","6.742","6.680","6.752","6.630","15.40M","1.14%"
"May 03, 2018","6.666","6.760","6.760","6.638","18.40M","-1.46%"
"May 02, 2018","6.765","6.718","6.782","6.718","12.19M","0.52%"
"Apr 30, 2018","6.730","6.684","6.745","6.682","14.89M","0.64%"
"Apr 27, 2018","6.687","6.595","6.740","6.580","23.03M","2.22%"
"Apr 26, 2018","6.542","6.544","6.590","6.500","10.49M","-0.17%"
"Apr 25, 2018","6.553","6.538","6.553","6.473","11.98M","-0.44%"
"Apr 24, 2018","6.582","6.593","6.593","6.514","11.76M","0.00%"
"Apr 23, 2018","6.582","6.592","6.593","6.541","12.06M","0.06%"
"Apr 20, 2018","6.578","6.521","6.585","6.501","15.24M","0.92%"
"Apr 19, 2018","6.518","6.476","6.538","6.476","11.28M","0.40%"
"Apr 18, 2018","6.492","6.411","6.513","6.383","17.09M","1.41%"
"Apr 17, 2018","6.402","6.432","6.485","6.402","12.20M","-0.20%"
"Apr 16, 2018","6.415","6.408","6.452","6.395","9.88M","0.08%"
"Apr 13, 2018","6.410","6.353","6.498","6.338","18.26M","1.28%"
"Apr 12, 2018","6.329","6.347","6.372","6.315","12.61M","-0.30%"
"Apr 11, 2018","6.348","6.405","6.431","6.340","15.94M","-1.14%"
"Apr 10, 2018","6.421","6.480","6.495","6.408","14.38M","-0.16%"
"Apr 09, 2018","6.431","6.400","6.467","6.381","12.94M","1.34%"
"Apr 06, 2018","6.346","6.350","6.408","6.324","14.95M","-2.52%"
"Apr 05, 2018","6.510","6.427","6.549","6.420","24.95M","2.52%"
"Apr 04, 2018","6.350","6.364","6.373","6.245","26.54M","-0.25%"
"Apr 03, 2018","6.366","6.380","6.419","6.322","14.73M","-0.98%"
"Mar 29, 2018","6.429","6.360","6.485","6.354","19.66M","1.37%"
"Mar 28, 2018","6.342","6.222","6.342","6.209","20.42M","0.84%"
"Mar 27, 2018","6.289","6.368","6.370","6.257","17.64M","0.45%"
"Mar 26, 2018","6.261","6.300","6.319","6.225","20.30M","-0.21%"
"Mar 23, 2018","6.274","6.333","6.382","6.254","30.74M","-2.65%"
"Mar 22, 2018","6.445","6.501","6.595","6.375","22.15M","-1.32%"
"Mar 21, 2018","6.531","6.635","6.661","6.500","14.56M","-1.00%"
"Mar 20, 2018","6.597","6.573","6.617","6.549","10.98M","0.67%"
"Mar 19, 2018","6.553","6.629","6.652","6.527","13.66M","-1.47%"
"Mar 16, 2018","6.651","6.557","6.678","6.524","37.07M","1.88%"
"Mar 15, 2018","6.528","6.585","6.604","6.505","14.09M","-0.64%"
"Mar 14, 2018","6.570","6.670","6.697","6.552","15.71M","-1.50%"
"Mar 13, 2018","6.670","6.674","6.764","6.647","14.58M","-0.06%"
"Mar 12, 2018","6.674","6.691","6.700","6.643","10.86M","0.42%"
"Mar 09, 2018","6.646","6.668","6.702","6.637","13.51M","-0.09%"
"Mar 08, 2018","6.652","6.657","6.717","6.618","13.65M","0.33%"
"Mar 07, 2018","6.630","6.632","6.649","6.600","13.67M","-0.30%"
"Mar 06, 2018","6.650","6.668","6.764","6.647","17.12M","0.61%"
"Mar 05, 2018","6.610","6.607","6.673","6.571","17.13M","-0.48%"
"Mar 02, 2018","6.642","6.750","6.750","6.640","25.50M","-2.18%"
"Mar 01, 2018","6.790","6.851","6.880","6.780","17.49M","-1.45%"
"Feb 28, 2018","6.890","6.910","6.940","6.871","17.07M","-0.86%"
"Feb 27, 2018","6.950","6.981","6.998","6.922","13.23M","-0.13%"
"Feb 26, 2018","6.959","6.945","6.960","6.900","13.31M","0.71%"
"Feb 23, 2018","6.910","6.967","6.968","6.890","18.45M","-0.86%"
"Feb 22, 2018","6.970","6.930","6.978","6.852","20.96M","0.00%"
"Feb 21, 2018","6.970","7.012","7.030","6.936","14.14M","-0.80%"
"Feb 20, 2018","7.026","7.011","7.071","6.975","16.49M","0.06%"
"Feb 19, 2018","7.022","7.085","7.117","7.022","10.23M","-0.52%"
"Feb 16, 2018","7.059","7.057","7.077","6.974","20.08M","0.94%"
"Feb 15, 2018","6.993","7.060","7.140","6.968","17.16M","0.36%"
"Feb 14, 2018","6.968","7.061","7.077","6.915","18.54M","-0.43%"
"Feb 13, 2018","6.998","7.102","7.124","6.984","16.12M","-1.39%"
"Feb 12, 2018","7.097","7.084","7.153","7.053","17.87M","1.26%"
"Feb 09, 2018","7.009","7.067","7.098","6.928","29.36M","-1.71%"
"Feb 08, 2018","7.131","7.193","7.287","7.098","23.71M","-1.33%"
"Feb 07, 2018","7.227","7.195","7.268","7.087","23.09M","2.00%"
"Feb 06, 2018","7.085","7.100","7.230","7.030","31.71M","-2.34%"
"Feb 05, 2018","7.255","7.286","7.322","7.212","18.56M","-1.35%"
"Feb 02, 2018","7.354","7.450","7.467","7.292","18.03M","-1.39%"
"Feb 01, 2018","7.458","7.680","7.730","7.420","23.91M","-1.45%"
"Jan 31, 2018","7.568","7.569","7.632","7.511","18.41M","0.07%"
"Jan 30, 2018","7.563","7.590","7.617","7.512","19.81M","-1.05%"
"Jan 29, 2018","7.643","7.659","7.674","7.594","14.15M","0.12%"
"Jan 26, 2018","7.634","7.590","7.650","7.565","12.50M","0.43%"
"Jan 25, 2018","7.601","7.483","7.601","7.481","17.01M","1.62%"
"Jan 24, 2018","7.480","7.478","7.533","7.455","12.64M","-0.13%"
"Jan 23, 2018","7.490","7.530","7.569","7.450","15.62M","-0.07%"
"Jan 22, 2018","7.495","7.423","7.535","7.375","16.02M","1.28%"
"Jan 19, 2018","7.400","7.375","7.448","7.354","14.38M","0.28%"
"Jan 18, 2018","7.379","7.420","7.429","7.345","13.56M","-0.26%"
"Jan 17, 2018","7.398","7.400","7.457","7.331","17.96M","-1.06%"
"Jan 16, 2018","7.477","7.478","7.510","7.439","15.20M","-0.05%"
"Jan 15, 2018","7.481","7.465","7.516","7.428","15.06M","0.44%"
"Jan 12, 2018","7.448","7.391","7.448","7.359","20.46M","1.42%"
"Jan 11, 2018","7.344","7.349","7.450","7.297","20.97M","-0.08%"
"Jan 10, 2018","7.350","7.280","7.380","7.259","25.98M","1.21%"
"Jan 09, 2018","7.262","7.227","7.284","7.217","12.95M","0.37%"
"Jan 08, 2018","7.235","7.274","7.293","7.220","13.42M","-0.25%"
"Jan 05, 2018","7.253","7.259","7.282","7.203","13.58M","0.44%"
"Jan 04, 2018","7.221","7.113","7.274","7.104","20.79M","1.79%"
"Jan 03, 2018","7.094","7.113","7.120","7.055","13.32M","0.17%"
"Jan 02, 2018","7.082","7.139","7.169","7.050","15.96M","-0.42%"
"Dec 29, 2017","7.112","7.140","7.167","7.069","14.63M","-0.49%"
"Dec 28, 2017","7.147","7.191","7.219","7.131","10.16M","-0.93%"
"Dec 27, 2017","7.214","7.231","7.280","7.191","10.15M","-0.69%"
"Dec 22, 2017","7.264","7.200","7.340","7.200","15.38M","-1.47%"
"Dec 21, 2017","7.372","7.248","7.405","7.216","14.77M","1.38%"
"Dec 20, 2017","7.272","7.287","7.303","7.204","11.73M","-0.12%"
"Dec 19, 2017","7.281","7.240","7.320","7.235","10.59M","0.40%"
"Dec 18, 2017","7.252","7.190","7.270","7.180","19.15M","1.44%"
"Dec 15, 2017","7.149","7.117","7.182","7.092","31.47M","0.17%"
"Dec 14, 2017","7.137","7.169","7.234","7.135","14.14M","-0.82%"
"Dec 13, 2017","7.196","7.187","7.253","7.181","10.16M","-0.25%"
"Dec 12, 2017","7.214","7.218","7.238","7.166","15.41M","-0.11%"
"Dec 11, 2017","7.222","7.234","7.283","7.206","11.05M","0.17%"
"Dec 08, 2017","7.210","7.220","7.335","7.199","18.03M","0.63%"
"Dec 07, 2017","7.165","7.079","7.165","7.050","12.36M","1.26%"
"Dec 06, 2017","7.076","7.130","7.150","7.055","16.46M","-1.48%"
"Dec 05, 2017","7.182","7.145","7.229","7.120","12.97M","0.31%"
"Dec 04, 2017","7.160","7.169","7.200","7.113","13.21M","1.22%"
"Dec 01, 2017","7.074","7.200","7.206","7.060","20.30M","-1.50%"
"Nov 30, 2017","7.182","7.271","7.362","7.182","21.68M","-1.33%"
"Nov 29, 2017","7.279","7.230","7.322","7.202","31.36M","1.99%"
"Nov 28, 2017","7.137","7.096","7.141","7.080","12.46M","0.93%"
"Nov 27, 2017","7.071","7.093","7.185","7.071","10.06M","-0.81%"
"Nov 24, 2017","7.129","7.088","7.173","7.070","12.09M","0.85%"
"Nov 23, 2017","7.069","7.030","7.134","7.022","17.02M","0.30%"
"Nov 22, 2017","7.048","7.049","7.156","7.032","11.11M","0.37%"
"Nov 21, 2017","7.022","7.102","7.135","7.022","25.98M","-1.36%"
"Nov 20, 2017","7.119","7.162","7.223","7.078","15.80M","-0.99%"
"Nov 17, 2017","7.190","7.250","7.293","7.174","18.50M","-0.83%"
"Nov 16, 2017","7.250","7.244","7.333","7.211","15.91M","0.75%"
"Nov 15, 2017","7.196","7.050","7.224","7.021","20.97M","1.30%"
"Nov 14, 2017","7.104","7.150","7.189","7.070","13.26M","-0.35%"
"Nov 13, 2017","7.129","7.175","7.175","7.060","13.74M","-0.25%"
"Nov 10, 2017","7.147","7.176","7.228","7.132","17.96M","-0.39%"
"Nov 09, 2017","7.175","7.220","7.312","7.170","14.76M","-0.60%"
"Nov 08, 2017","7.218","7.200","7.218","7.126","21.59M","0.10%"
"Nov 07, 2017","7.211","7.325","7.347","7.209","15.01M","-0.69%"
"Nov 06, 2017","7.261","7.332","7.332","7.196","15.22M","-0.94%"
"Nov 03, 2017","7.330","7.452","7.452","7.260","19.59M","-1.76%"
"Nov 02, 2017","7.461","7.471","7.517","7.379","14.65M","-0.23%"
"Nov 01, 2017","7.478","7.556","7.580","7.430","20.02M","-0.47%"
"Oct 31, 2017","7.513","7.420","7.542","7.400","24.42M","1.39%"
"Oct 30, 2017","7.410","7.330","7.441","7.293","29.09M","3.02%"
"Oct 27, 2017","7.193","7.400","7.450","7.110","33.43M","-2.60%"
"Oct 26, 2017","7.385","7.280","7.507","7.212","31.66M","1.79%"
"Oct 25, 2017","7.255","7.265","7.403","7.234","17.86M","-0.10%"
"Oct 24, 2017","7.262","7.176","7.296","7.150","17.91M","1.11%"
"Oct 23, 2017","7.182","7.290","7.300","7.155","20.05M","-1.86%"
"Oct 20, 2017","7.318","7.222","7.368","7.209","23.33M","1.36%"
"Oct 19, 2017","7.220","7.265","7.298","7.176","18.14M","-0.76%"
"Oct 18, 2017","7.275","7.241","7.285","7.162","15.22M","0.86%"
"Oct 17, 2017","7.213","7.189","7.295","7.138","14.80M","0.12%"
"Oct 16, 2017","7.204","7.306","7.310","7.173","16.54M","-1.75%"
"Oct 13, 2017","7.332","7.380","7.393","7.319","12.46M","-0.46%"
"Oct 12, 2017","7.366","7.347","7.380","7.308","9.79M","0.01%"
"Oct 11, 2017","7.365","7.362","7.386","7.292","26.01M","2.43%"
"Oct 10, 2017","7.190","7.210","7.222","7.092","23.18M","-0.64%"
"Oct 09, 2017","7.236","7.305","7.397","7.230","17.91M","-1.13%"
"Oct 06, 2017","7.319","7.277","7.368","7.228","18.74M","-0.80%"
"Oct 05, 2017","7.378","7.128","7.482","7.112","26.06M","2.77%"
"Oct 04, 2017","7.179","7.413","7.427","7.115","33.30M","-3.61%"
"Oct 03, 2017","7.448","7.411","7.448","7.320","16.70M","0.89%"
"Oct 02, 2017","7.382","7.476","7.520","7.316","30.08M","-2.37%"
"Sep 29, 2017","7.561","7.464","7.561","7.382","18.95M","1.57%"
"Sep 28, 2017","7.444","7.580","7.590","7.432","17.21M","-0.77%"
"Sep 27, 2017","7.502","7.380","7.558","7.366","18.90M","2.12%"
"Sep 26, 2017","7.346","7.367","7.387","7.310","9.73M","-0.27%"
"Sep 25, 2017","7.366","7.470","7.492","7.330","18.80M","-1.88%"
"Sep 22, 2017","7.507","7.500","7.554","7.476","13.12M","0.04%"
"Sep 21, 2017","7.504","7.419","7.545","7.410","19.52M","1.71%"
"Sep 20, 2017","7.378","7.460","7.485","7.334","14.07M","-1.10%"
"Sep 19, 2017","7.460","7.415","7.496","7.410","9.65M","0.62%"
"Sep 18, 2017","7.414","7.420","7.474","7.400","9.24M","0.50%"
"Sep 15, 2017","7.377","7.414","7.474","7.334","33.50M","-0.83%"
"Sep 14, 2017","7.439","7.410","7.459","7.360","13.23M","0.05%"
"Sep 13, 2017","7.435","7.415","7.484","7.393","17.74M","0.46%"
"Sep 12, 2017","7.401","7.412","7.433","7.374","13.64M","0.45%"
"Sep 11, 2017","7.368","7.231","7.391","7.230","15.23M","2.70%"
"Sep 08, 2017","7.174","7.150","7.266","7.121","16.78M","-0.26%"
"Sep 07, 2017","7.193","7.278","7.303","7.171","17.88M","-0.57%"
"Sep 06, 2017","7.234","7.214","7.270","7.155","11.35M","-0.11%"
"Sep 05, 2017","7.242","7.370","7.408","7.226","16.20M","-1.75%"
"Sep 04, 2017","7.371","7.339","7.396","7.339","6.85M","-0.85%"
"Sep 01, 2017","7.434","7.448","7.489","7.390","9.00M","0.16%"
"Aug 31, 2017","7.422","7.375","7.487","7.366","19.56M","1.13%"
"Aug 30, 2017","7.339","7.375","7.386","7.303","9.67M","0.25%"
"Aug 29, 2017","7.321","7.395","7.407","7.295","18.09M","-1.49%"
"Aug 28, 2017","7.432","7.428","7.496","7.409","5.22M","-0.38%"
"Aug 25, 2017","7.460","7.508","7.549","7.460","5.89M","-0.20%"
"Aug 24, 2017","7.475","7.462","7.539","7.436","10.76M","0.74%"
"Aug 23, 2017","7.420","7.528","7.564","7.396","11.53M","-1.20%"
"Aug 22, 2017","7.510","7.500","7.556","7.469","9.98M","0.97%"
"Aug 21, 2017","7.438","7.450","7.525","7.422","8.14M","-0.87%"
"Aug 18, 2017","7.503","7.420","7.513","7.390","14.84M","-0.21%"
"Aug 17, 2017","7.519","7.627","7.630","7.475","15.73M","-1.90%"
"Aug 16, 2017","7.665","7.685","7.729","7.665","10.13M","0.33%"
"Aug 15, 2017","7.640","7.630","7.647","7.585","8.18M","0.79%"
"Aug 14, 2017","7.580","7.488","7.621","7.488","11.08M","1.72%"
"Aug 11, 2017","7.452","7.514","7.570","7.375","19.75M","-1.84%"
"Aug 10, 2017","7.592","7.700","7.731","7.545","17.80M","-1.75%"
"Aug 09, 2017","7.727","7.851","7.885","7.651","20.93M","-2.50%"
"Aug 08, 2017","7.925","7.860","7.932","7.850","11.05M","0.71%"
"Aug 07, 2017","7.869","7.860","7.880","7.834","9.44M","0.45%"
"Aug 04, 2017","7.834","7.761","7.877","7.753","18.02M","0.20%"
"Aug 03, 2017","7.818","7.727","7.818","7.641","17.55M","0.92%"
"Aug 02, 2017","7.747","7.804","7.820","7.689","13.06M","-0.23%"
"Aug 01, 2017","7.765","7.800","7.810","7.680","18.10M","1.49%"
"Jul 31, 2017","7.651","7.702","7.755","7.628","16.30M","-0.74%"
"Jul 28, 2017","7.708","7.685","7.725","7.604","20.20M","0.08%"
"Jul 27, 2017","7.702","7.590","7.740","7.590","14.52M","0.42%"
"Jul 26, 2017","7.670","7.643","7.699","7.593","13.65M","0.05%"
"Jul 25, 2017","7.666","7.495","7.749","7.491","25.39M","2.02%"
"Jul 24, 2017","7.514","7.450","7.538","7.366","20.37M","1.25%"
"Jul 21, 2017","7.421","7.515","7.515","7.361","23.27M","-1.45%"
"Jul 20, 2017","7.530","7.530","7.586","7.485","16.29M","0.31%"
"Jul 19, 2017","7.507","7.512","7.518","7.375","22.71M","0.24%"
"Jul 18, 2017","7.489","7.618","7.661","7.458","17.07M","-1.89%"
"Jul 17, 2017","7.633","7.709","7.709","7.576","15.17M","-0.59%"
"Jul 14, 2017","7.678","7.680","7.767","7.628","22.21M","0.30%"
"Jul 13, 2017","7.655","7.560","7.680","7.559","19.56M","1.86%"
"Jul 12, 2017","7.515","7.558","7.564","7.492","13.44M","-0.08%"
"Jul 11, 2017","7.521","7.550","7.567","7.488","11.83M","-0.01%"
"Jul 10, 2017","7.522","7.570","7.587","7.466","11.85M","-0.12%"
"Jul 07, 2017","7.531","7.508","7.557","7.464","14.71M","0.13%"
"Jul 06, 2017","7.521","7.500","7.540","7.392","20.21M","0.76%"
"Jul 05, 2017","7.464","7.459","7.570","7.438","20.14M","0.05%"
"Jul 04, 2017","7.460","7.441","7.530","7.423","11.46M","-0.65%"
"Jul 03, 2017","7.509","7.341","7.509","7.320","17.45M","3.36%"
"Jun 30, 2017","7.265","7.424","7.483","7.259","24.25M","-1.84%"
"Jun 29, 2017","7.401","7.513","7.610","7.385","27.26M","-1.03%"
"Jun 28, 2017","7.478","7.350","7.495","7.290","25.47M","1.41%"
"Jun 27, 2017","7.374","7.305","7.411","7.283","16.14M","0.88%"
"Jun 26, 2017","7.310","7.270","7.387","7.263","13.62M","0.99%"
"Jun 23, 2017","7.238","7.273","7.356","7.225","11.43M","-1.01%"
"Jun 22, 2017","7.312","7.300","7.335","7.215","14.62M","-0.37%"
"Jun 21, 2017","7.339","7.310","7.355","7.196","15.21M","-0.04%"
"Jun 20, 2017","7.342","7.468","7.472","7.320","12.98M","-0.92%"
"Jun 19, 2017","7.410","7.381","7.459","7.360","16.39M","1.35%"
"Jun 16, 2017","7.311","7.334","7.380","7.220","44.43M","0.19%"
"Jun 15, 2017","7.297","7.315","7.317","7.170","26.37M","-0.18%"
"Jun 14, 2017","7.310","7.440","7.515","7.283","18.81M","-1.44%"
"Jun 13, 2017","7.417","7.345","7.483","7.340","14.43M","0.91%"
"Jun 12, 2017","7.350","7.426","7.457","7.316","20.40M","-1.45%"
"Jun 09, 2017","7.458","7.406","7.580","7.333","19.14M","0.19%"
"Jun 08, 2017","7.444","7.333","7.485","7.300","20.26M","1.54%"
"Jun 07, 2017","7.331","7.248","7.425","7.180","29.13M","2.03%"
"Jun 06, 2017","7.185","7.208","7.234","7.152","19.79M","-0.94%"
"Jun 05, 2017","7.253","7.223","7.298","7.179","10.83M","0.19%"
"Jun 02, 2017","7.239","7.317","7.384","7.211","20.10M","0.32%"
"Jun 01, 2017","7.216","7.270","7.278","7.145","26.99M","-0.50%"
"May 31, 2017","7.252","7.383","7.437","7.252","27.31M","-1.49%"
"May 30, 2017","7.362","7.392","7.505","7.306","27.45M","-1.64%"
"May 29, 2017","7.485","7.386","7.500","7.386","9.43M","0.47%"
"May 26, 2017","7.450","7.459","7.459","7.285","17.72M","-0.37%"
"May 25, 2017","7.478","7.550","7.588","7.462","11.21M","-0.12%"
"May 24, 2017","7.487","7.505","7.540","7.433","9.86M","0.11%"
"May 23, 2017","7.479","7.278","7.538","7.267","19.05M","2.06%"
"May 22, 2017","7.328","7.420","7.434","7.304","16.93M","-1.16%"
"May 19, 2017","7.414","7.256","7.423","7.256","24.46M","2.40%"
"May 18, 2017","7.240","7.240","7.330","7.135","30.87M","-0.82%"
"May 17, 2017","7.300","7.379","7.444","7.249","22.10M","-1.88%"
"May 16, 2017","7.440","7.430","7.500","7.381","13.82M","0.01%"
"May 15, 2017","7.439","7.449","7.467","7.372","12.70M","0.69%"
"May 12, 2017","7.388","7.400","7.440","7.329","23.59M","0.03%"
"May 11, 2017","7.386","7.571","7.596","7.385","27.61M","-2.19%"
"May 10, 2017","7.551","7.553","7.610","7.462","24.01M","-0.71%"
"May 09, 2017","7.605","7.770","7.815","7.605","22.21M","-2.02%"
"May 08, 2017","7.762","7.870","7.889","7.670","21.85M","-0.49%"
"May 05, 2017","7.800","7.643","7.827","7.606","27.07M","1.75%"
"May 04, 2017","7.666","7.565","7.666","7.530","25.82M","2.15%"
"May 03, 2017","7.505","7.460","7.519","7.426","18.34M","0.87%"
"May 02, 2017","7.440","7.348","7.475","7.343","16.94M","1.24%"
"Apr 28, 2017","7.349","7.377","7.519","7.300","31.47M","-1.42%"
"Apr 27, 2017","7.455","7.550","7.588","7.345","34.04M","-2.06%"
"Apr 26, 2017","7.612","7.700","7.705","7.523","26.19M","-0.24%"
"Apr 25, 2017","7.630","7.650","7.698","7.525","35.28M","0.21%"
"Apr 24, 2017","7.614","7.499","7.614","7.390","66.66M","7.32%"
"Apr 21, 2017","7.095","7.060","7.147","6.963","33.51M","1.07%"
"Apr 20, 2017","7.020","6.931","7.075","6.909","24.06M","1.18%"
"Apr 19, 2017","6.938","6.812","6.965","6.803","18.65M","2.13%"
"Apr 18, 2017","6.793","6.870","6.885","6.744","20.61M","-0.92%"
"Apr 13, 2017","6.856","6.940","6.950","6.801","21.91M","-1.35%"
"Apr 12, 2017","6.950","7.060","7.096","6.911","22.25M","-1.03%"
"Apr 11, 2017","7.022","6.991","7.078","6.970","20.73M","-0.30%"
"Apr 10, 2017","7.043","7.101","7.113","7.020","16.31M","-1.10%"
"Apr 07, 2017","7.121","7.087","7.141","7.028","18.08M","-0.15%"
"Apr 06, 2017","7.132","6.965","7.146","6.940","24.31M","1.11%"
"Apr 05, 2017","7.054","7.000","7.120","6.996","27.23M","1.03%"
"Apr 04, 2017","6.982","6.949","7.010","6.847","23.57M","0.52%"
"Apr 03, 2017","6.946","7.146","7.162","6.935","34.52M","-2.69%"
"Mar 31, 2017","7.138","7.050","7.138","7.011","25.07M","0.83%"
"Mar 30, 2017","7.079","7.046","7.085","6.989","19.05M","0.38%"
"Mar 29, 2017","7.052","7.157","7.182","6.992","23.74M","-1.15%"
"Mar 28, 2017","7.134","7.079","7.157","7.062","20.12M","1.05%"
"Mar 27, 2017","7.060","6.939","7.064","6.915","22.45M","0.03%"
"Mar 24, 2017","7.058","7.027","7.077","7.004","16.43M","-0.28%"
"Mar 23, 2017","7.078","7.040","7.101","6.976","21.85M","0.83%"
"Mar 22, 2017","7.020","6.935","7.097","6.843","31.17M","0.40%"
"Mar 21, 2017","6.992","7.034","7.104","6.958","29.05M","0.53%"
"Mar 20, 2017","6.955","6.914","7.008","6.892","15.97M","0.04%"
"Mar 17, 2017","6.952","6.957","7.045","6.928","39.97M","0.35%"
"Mar 16, 2017","6.928","6.850","6.969","6.805","37.67M","3.14%"
"Mar 15, 2017","6.717","6.670","6.793","6.670","24.67M","0.67%"
"Mar 14, 2017","6.672","6.774","6.774","6.650","18.67M","-1.29%"
"Mar 13, 2017","6.759","6.774","6.812","6.687","15.09M","-0.12%"
"Mar 10, 2017","6.767","6.772","6.886","6.697","45.07M","0.16%"
"Mar 09, 2017","6.756","6.488","6.774","6.487","45.51M","3.76%"
"Mar 08, 2017","6.511","6.479","6.575","6.456","21.80M","0.60%"
"Mar 07, 2017","6.472","6.472","6.482","6.410","14.64M","-0.15%"
"Mar 06, 2017","6.482","6.436","6.532","6.412","20.96M","0.25%"
"Mar 03, 2017","6.466","6.254","6.470","6.225","42.85M","3.31%"
"Mar 02, 2017","6.259","6.246","6.331","6.196","25.42M","0.24%"
"Mar 01, 2017","6.244","6.107","6.259","6.103","29.45M","2.93%"
"Feb 28, 2017","6.066","6.042","6.085","6.004","20.65M","0.78%"
"Feb 27, 2017","6.019","5.979","6.047","5.970","13.28M","0.92%"
"Feb 24, 2017","5.964","6.048","6.074","5.898","27.19M","-1.14%"
"Feb 23, 2017","6.033","6.105","6.112","6.003","22.51M","-0.87%"
"Feb 22, 2017","6.086","6.118","6.200","6.004","25.66M","-0.51%"
"Feb 21, 2017","6.117","6.109","6.177","6.033","14.34M","-0.26%"
"Feb 20, 2017","6.133","6.183","6.211","6.119","12.74M","0.10%"
"Feb 17, 2017","6.127","6.208","6.225","6.067","27.94M","-1.16%"
"Feb 16, 2017","6.199","6.284","6.312","6.167","22.41M","-1.65%"
"Feb 15, 2017","6.303","6.244","6.352","6.234","52.04M","3.14%"
"Feb 14, 2017","6.111","5.961","6.131","5.926","31.89M","2.71%"
"Feb 13, 2017","5.950","5.892","5.983","5.837","18.23M","1.47%"
"Feb 10, 2017","5.864","6.006","6.014","5.842","24.41M","-1.33%"
"Feb 09, 2017","5.943","5.930","5.953","5.847","28.48M","0.35%"
"Feb 08, 2017","5.922","6.043","6.062","5.808","32.21M","-1.25%"
"Feb 07, 2017","5.997","5.989","6.051","5.941","16.98M","-0.20%"
"Feb 06, 2017","6.009","6.103","6.135","5.989","21.12M","-1.00%"
"Feb 03, 2017","6.070","6.058","6.104","6.009","22.31M","0.90%"
"Feb 02, 2017","6.016","6.038","6.054","5.955","37.00M","-0.97%"
"Feb 01, 2017","6.075","6.303","6.315","5.990","52.60M","-1.40%"
"Jan 31, 2017","6.161","6.209","6.323","6.157","22.65M","-0.60%"
"Jan 30, 2017","6.198","6.223","6.279","6.184","15.53M","-1.12%"
"Jan 27, 2017","6.268","6.288","6.292","6.161","19.28M","-0.44%"
"Jan 26, 2017","6.296","6.403","6.450","6.271","23.08M","-0.82%"
"Jan 25, 2017","6.348","6.234","6.413","6.225","39.83M","3.17%"
"Jan 24, 2017","6.153","5.999","6.156","5.982","25.45M","2.98%"
"Jan 23, 2017","5.975","5.962","6.009","5.901","16.50M","-0.60%"
"Jan 20, 2017","6.011","6.026","6.072","5.989","21.45M","0.08%"
"Jan 19, 2017","6.006","6.054","6.077","5.977","19.01M","-0.32%"
"Jan 18, 2017","6.025","6.048","6.063","5.982","17.18M","0.12%"
"Jan 17, 2017","6.018","6.009","6.066","5.980","19.07M","-0.17%"
"Jan 16, 2017","6.028","6.053","6.067","6.000","14.22M","-1.55%"
"Jan 13, 2017","6.123","6.048","6.188","6.026","22.17M","1.93%"
"Jan 12, 2017","6.007","5.989","6.105","5.925","29.61M","-0.50%"
"Jan 11, 2017","6.037","6.215","6.215","6.010","56.25M","-3.27%"
"Jan 10, 2017","6.241","6.346","6.346","6.229","25.16M","-2.76%"
"Jan 09, 2017","6.418","6.465","6.469","6.352","18.50M","-0.45%"
"Jan 06, 2017","6.447","6.411","6.458","6.337","14.78M","0.75%"
"Jan 05, 2017","6.399","6.346","6.435","6.320","18.09M","0.34%"
"Jan 04, 2017","6.377","6.465","6.481","6.317","29.37M","-1.07%"
"Jan 03, 2017","6.446","6.362","6.564","6.335","24.03M","1.95%"
"Jan 02, 2017","6.323","6.342","6.356","6.258","7.73M","0.41%"
"Dec 30, 2016","6.297","6.252","6.297","6.219","14.57M","0.61%"
"Dec 29, 2016","6.259","6.216","6.279","6.211","11.02M","-0.60%"
"Dec 28, 2016","6.297","6.333","6.345","6.258","11.40M","-0.47%"
"Dec 27, 2016","6.327","6.303","6.342","6.284","6.42M","-0.25%"
"Dec 23, 2016","6.343","6.368","6.411","6.313","10.00M","0.25%"
"Dec 22, 2016","6.327","6.306","6.369","6.290","11.13M","-0.17%"
"Dec 21, 2016","6.338","6.377","6.429","6.242","23.57M","-0.91%"
"Dec 20, 2016","6.396","6.333","6.438","6.317","18.76M","0.63%"
"Dec 19, 2016","6.356","6.411","6.428","6.336","18.13M","-1.20%"
"Dec 16, 2016","6.433","6.402","6.485","6.346","57.88M","0.28%"
"Dec 15, 2016","6.415","6.280","6.429","6.274","30.08M","2.57%"
"Dec 14, 2016","6.254","6.321","6.375","6.254","25.67M","-1.54%"
"Dec 13, 2016","6.352","6.219","6.364","6.138","28.57M","1.58%"
"Dec 12, 2016","6.253","6.284","6.348","6.237","21.04M","-0.70%"
"Dec 09, 2016","6.297","6.328","6.358","6.228","27.36M","-0.99%"
"Dec 08, 2016","6.360","6.107","6.460","6.080","52.60M","4.47%"
"Dec 07, 2016","6.088","6.063","6.146","6.024","31.42M","1.28%"
"Dec 06, 2016","6.011","5.763","6.037","5.733","31.47M","4.70%"
"Dec 05, 2016","5.741","5.599","5.808","5.567","19.55M","1.02%"
"Dec 02, 2016","5.683","5.694","5.743","5.646","19.07M","-1.39%"
"Dec 01, 2016","5.763","5.714","5.783","5.681","17.97M","0.75%"
"Nov 30, 2016","5.720","5.665","5.753","5.641","29.06M","0.79%"
"Nov 29, 2016","5.675","5.587","5.711","5.582","17.37M","0.94%"
"Nov 28, 2016","5.622","5.646","5.672","5.582","17.35M","-0.78%"
"Nov 25, 2016","5.666","5.692","5.696","5.629","16.70M","-0.87%"
"Nov 24, 2016","5.716","5.699","5.760","5.677","11.72M","-0.44%"
"Nov 23, 2016","5.741","5.773","5.787","5.647","22.24M","-0.47%"
"Nov 22, 2016","5.768","5.793","5.818","5.748","16.01M","0.35%"
"Nov 21, 2016","5.748","5.750","5.767","5.681","18.80M","-0.09%"
"Nov 18, 2016","5.753","5.960","5.965","5.753","33.69M","-2.80%"
"Nov 17, 2016","5.919","5.812","5.930","5.793","23.69M","0.99%"
"Nov 16, 2016","5.861","5.933","5.994","5.803","28.64M","-0.51%"
"Nov 15, 2016","5.891","5.825","5.906","5.731","24.97M","1.17%"
"Nov 14, 2016","5.823","5.856","5.920","5.709","38.79M","0.33%"
"Nov 11, 2016","5.804","6.002","6.019","5.771","37.07M","-2.29%"
"Nov 10, 2016","5.940","6.068","6.169","5.871","69.77M","-1.15%"
"Nov 09, 2016","6.009","5.806","6.012","5.744","169.90M","-5.70%"
"Nov 08, 2016","6.372","6.323","6.410","6.275","25.49M","1.56%"
"Nov 07, 2016","6.274","6.294","6.324","6.233","22.46M","3.14%"
"Nov 04, 2016","6.083","6.111","6.130","6.014","21.57M","-0.96%"
"Nov 03, 2016","6.142","6.088","6.228","6.071","24.29M","1.20%"
"Nov 02, 2016","6.069","6.232","6.234","6.069","40.19M","-3.96%"
"Nov 01, 2016","6.319","6.500","6.524","6.305","26.48M","-2.15%"
"Oct 31, 2016","6.458","6.382","6.480","6.372","30.72M","-0.19%"
"Oct 28, 2016","6.470","6.480","6.490","6.383","31.53M","-0.31%"
"Oct 27, 2016","6.490","6.362","6.490","6.293","44.16M","2.80%"
"Oct 26, 2016","6.313","6.205","6.313","6.203","29.10M","2.04%"
"Oct 25, 2016","6.187","6.261","6.268","6.149","24.45M","-1.04%"
"Oct 24, 2016","6.252","6.136","6.290","6.117","35.73M","3.20%"
"Oct 21, 2016","6.058","6.090","6.136","6.000","27.06M","-0.53%"
"Oct 20, 2016","6.090","5.952","6.116","5.928","39.64M","3.17%"
"Oct 19, 2016","5.903","5.821","5.910","5.746","29.44M","1.99%"
"Oct 18, 2016","5.788","5.689","5.818","5.653","27.19M","3.01%"
"Oct 17, 2016","5.619","5.580","5.675","5.563","23.93M","0.38%"
"Oct 14, 2016","5.598","5.478","5.641","5.465","26.17M","2.89%"
"Oct 13, 2016","5.441","5.500","5.500","5.370","22.99M","-1.98%"
"Oct 12, 2016","5.551","5.535","5.634","5.522","22.25M","0.45%"
"Oct 11, 2016","5.526","5.359","5.541","5.323","36.63M","2.98%"
"Oct 10, 2016","5.366","5.310","5.378","5.246","21.85M","0.69%"
"Oct 07, 2016","5.329","5.385","5.424","5.262","21.17M","-0.60%"
"Oct 06, 2016","5.361","5.349","5.447","5.336","30.26M","0.75%"
"Oct 05, 2016","5.321","5.164","5.336","5.154","27.69M","2.01%"
"Oct 04, 2016","5.216","5.208","5.254","5.157","19.62M","0.46%"
"Oct 03, 2016","5.192","5.188","5.252","5.146","14.74M","-0.44%"
"Sep 30, 2016","5.215","5.038","5.221","4.942","50.14M","0.58%"
"Sep 29, 2016","5.185","5.232","5.263","5.168","19.46M","0.14%"
"Sep 28, 2016","5.178","5.167","5.252","5.155","17.69M","0.90%"
"Sep 27, 2016","5.132","5.232","5.232","5.074","24.52M","-0.27%"
"Sep 26, 2016","5.146","5.256","5.256","5.082","27.30M","-3.20%"
"Sep 23, 2016","5.316","5.307","5.335","5.242","21.54M","-0.67%"
"Sep 22, 2016","5.352","5.257","5.380","5.223","26.11M","2.80%"
"Sep 21, 2016","5.206","5.203","5.250","5.152","21.77M","2.87%"
"Sep 20, 2016","5.061","5.068","5.116","5.040","12.39M","-0.73%"
"Sep 19, 2016","5.098","5.144","5.152","5.087","16.73M","0.57%"
"Sep 16, 2016","5.069","5.134","5.155","5.054","47.14M","-1.80%"
"Sep 15, 2016","5.162","5.225","5.271","5.117","21.91M","-0.69%"
"Sep 14, 2016","5.198","5.261","5.269","5.182","23.28M","-1.10%"
"Sep 13, 2016","5.256","5.400","5.434","5.256","18.29M","-2.36%"
"Sep 12, 2016","5.383","5.392","5.426","5.295","23.06M","-2.45%"
"Sep 09, 2016","5.518","5.562","5.660","5.517","21.78M","-0.97%"
"Sep 08, 2016","5.572","5.481","5.586","5.431","21.02M","1.66%"
"Sep 07, 2016","5.481","5.454","5.503","5.374","14.74M","1.16%"
"Sep 06, 2016","5.418","5.556","5.562","5.416","17.22M","-1.83%"
"Sep 05, 2016","5.519","5.513","5.557","5.465","12.67M","0.11%"
"Sep 02, 2016","5.513","5.445","5.524","5.345","18.61M","1.64%"
"Sep 01, 2016","5.424","5.405","5.556","5.391","22.72M","0.35%"
"Aug 31, 2016","5.405","5.329","5.459","5.317","28.70M","1.07%"
"Aug 30, 2016","5.348","5.252","5.358","5.244","16.35M","1.96%"
"Aug 29, 2016","5.245","5.234","5.294","5.205","7.54M","-0.29%"
"Aug 26, 2016","5.260","5.174","5.275","5.162","11.84M","1.60%"
"Aug 25, 2016","5.177","5.196","5.231","5.153","11.89M","-1.15%"
"Aug 24, 2016","5.237","5.096","5.241","5.058","28.96M","3.36%"
"Aug 23, 2016","5.067","4.981","5.092","4.976","14.21M","1.89%"
"Aug 22, 2016","4.973","4.936","5.022","4.921","12.68M","0.81%"
"Aug 19, 2016","4.933","5.027","5.029","4.882","15.94M","-2.06%"
"Aug 18, 2016","5.037","5.067","5.077","4.970","11.30M","0.42%"
"Aug 17, 2016","5.016","5.143","5.150","5.013","10.09M","-1.74%"
"Aug 16, 2016","5.105","5.101","5.147","5.066","14.77M","-0.31%"
"Aug 15, 2016","5.121","5.101","5.145","5.086","6.85M","0.29%"
"Aug 12, 2016","5.106","5.126","5.169","5.102","12.06M","-0.62%"
"Aug 11, 2016","5.138","5.135","5.152","5.070","12.52M","0.53%"
"Aug 10, 2016","5.111","5.020","5.133","5.006","15.51M","1.01%"
"Aug 09, 2016","5.060","4.971","5.069","4.934","17.25M","1.93%"
"Aug 08, 2016","4.964","4.963","5.035","4.951","17.91M","0.69%"
"Aug 05, 2016","4.930","4.845","4.936","4.806","22.78M","2.62%"
"Aug 04, 2016","4.804","4.725","4.864","4.723","25.29M","2.54%"
"Aug 03, 2016","4.685","4.683","4.729","4.608","28.61M","1.06%"
"Aug 02, 2016","4.636","4.846","4.848","4.613","40.78M","-4.88%"
"Aug 01, 2016","4.874","5.096","5.135","4.821","32.99M","-3.73%"
"Jul 29, 2016","5.063","5.053","5.125","4.961","37.24M","3.73%"
"Jul 28, 2016","4.881","5.039","5.066","4.870","23.48M","-3.58%"
"Jul 27, 2016","5.062","4.982","5.114","4.981","22.35M","1.83%"
"Jul 26, 2016","4.971","5.001","5.021","4.886","19.56M","-0.86%"
"Jul 25, 2016","5.014","5.081","5.113","4.984","16.88M","-1.51%"
"Jul 22, 2016","5.091","5.058","5.124","5.037","20.42M","0.12%"
"Jul 21, 2016","5.085","5.041","5.139","4.999","23.97M","0.95%"
"Jul 20, 2016","5.037","5.038","5.080","4.976","21.07M","1.00%"
"Jul 19, 2016","4.987","5.013","5.101","4.944","27.71M","-0.93%"
"Jul 18, 2016","5.034","5.132","5.183","4.937","42.55M","-2.80%"
"Jul 15, 2016","5.179","5.170","5.269","5.074","29.82M","-0.13%"
"Jul 14, 2016","5.186","5.154","5.229","5.117","32.92M","2.23%"
"Jul 13, 2016","5.073","5.072","5.242","4.981","37.52M","-0.74%"
"Jul 12, 2016","5.111","4.899","5.130","4.878","40.63M","4.31%"
"Jul 11, 2016","4.900","4.893","4.927","4.764","24.69M","1.05%"
"Jul 08, 2016","4.849","4.684","4.928","4.643","33.04M","3.10%"
"Jul 07, 2016","4.703","4.699","4.767","4.653","25.31M","0.88%"
"Jul 06, 2016","4.662","4.699","4.770","4.595","41.10M","-3.38%"
"Jul 05, 2016","4.825","4.893","4.947","4.809","29.58M","-2.41%"
"Jul 04, 2016","4.944","4.981","5.011","4.871","21.63M","-0.36%"
"Jul 01, 2016","4.962","4.964","5.024","4.826","32.59M","1.12%"
"Jun 30, 2016","4.907","4.871","4.964","4.750","43.42M","0.95%"
"Jun 29, 2016","4.861","4.803","4.871","4.777","42.47M","3.43%"
"Jun 28, 2016","4.700","4.753","4.834","4.681","50.41M","1.84%"
"Jun 27, 2016","4.615","4.980","4.990","4.522","79.40M","-1.68%"
"Jun 24, 2016","4.694","4.360","4.985","4.360","135.75M","-16.16%"
"Jun 23, 2016","5.599","5.471","5.618","5.400","32.45M","2.73%"
"Jun 22, 2016","5.450","5.456","5.516","5.367","32.20M","0.80%"
"Jun 21, 2016","5.407","5.353","5.436","5.348","29.61M","0.46%"
"Jun 20, 2016","5.382","5.417","5.453","5.316","32.36M","2.93%"
"Jun 17, 2016","5.229","5.117","5.252","5.103","69.76M","4.31%"
"Jun 16, 2016","5.013","4.878","5.022","4.849","37.39M","0.87%"
"Jun 15, 2016","4.970","4.941","5.070","4.908","35.26M","1.84%"
"Jun 14, 2016","4.880","4.956","5.019","4.857","34.80M","-2.28%"
"Jun 13, 2016","4.994","5.116","5.128","4.973","37.00M","-3.50%"
"Jun 10, 2016","5.175","5.378","5.379","5.166","38.74M","-4.15%"
"Jun 09, 2016","5.399","5.426","5.480","5.383","21.39M","-0.97%"
"Jun 08, 2016","5.452","5.541","5.541","5.417","21.66M","-1.89%"
"Jun 07, 2016","5.557","5.581","5.652","5.523","21.85M","0.16%"
"Jun 06, 2016","5.548","5.523","5.631","5.493","17.71M","0.23%"
"Jun 03, 2016","5.535","5.688","5.717","5.465","25.37M","-2.21%"
"Jun 02, 2016","5.660","5.647","5.856","5.644","31.40M","0.00%"
"Jun 01, 2016","5.660","5.777","5.794","5.605","20.85M","-2.01%"
"May 31, 2016","5.776","5.891","5.917","5.723","26.47M","-1.79%"
"May 30, 2016","5.881","5.881","5.906","5.826","10.18M","0.19%"
"May 27, 2016","5.870","5.822","5.932","5.812","23.68M","0.24%"
"May 26, 2016","5.856","5.814","5.875","5.750","32.81M","-0.81%"
"May 25, 2016","5.904","5.667","5.944","5.655","48.10M","5.28%"
"May 24, 2016","5.608","5.369","5.625","5.349","28.73M","4.28%"
"May 23, 2016","5.378","5.451","5.499","5.366","19.80M","-1.47%"
"May 20, 2016","5.458","5.432","5.484","5.407","21.87M","1.09%"
"May 19, 2016","5.399","5.476","5.568","5.393","26.42M","-1.37%"
"May 18, 2016","5.474","5.406","5.523","5.364","18.68M","0.68%"
"May 17, 2016","5.437","5.411","5.548","5.379","29.50M","1.32%"
"May 16, 2016","5.366","5.297","5.378","5.263","14.03M","0.51%"
"May 13, 2016","5.339","5.275","5.394","5.218","24.22M","0.53%"
"May 12, 2016","5.311","5.308","5.431","5.252","28.87M","-0.58%"
"May 11, 2016","5.342","5.465","5.484","5.271","29.18M","-2.11%"
"May 10, 2016","5.457","5.436","5.527","5.405","24.91M","1.90%"
"May 09, 2016","5.355","5.528","5.560","5.329","27.57M","-1.76%"
"May 06, 2016","5.451","5.369","5.537","5.301","40.86M","1.38%"
"May 05, 2016","5.377","5.445","5.511","5.337","32.90M","-0.65%"
"May 04, 2016","5.412","5.509","5.577","5.407","34.85M","-2.26%"
"May 03, 2016","5.537","5.746","5.758","5.499","32.88M","-3.82%"
"May 02, 2016","5.757","5.814","5.830","5.709","17.57M","-0.69%"
"Apr 29, 2016","5.797","5.959","6.026","5.758","57.70M","-4.78%"
"Apr 28, 2016","6.088","6.201","6.201","5.938","88.41M","-6.77%"
"Apr 27, 2016","6.530","6.511","6.593","6.458","37.41M","-0.26%"
"Apr 26, 2016","6.547","6.222","6.548","6.222","44.29M","5.29%"
"Apr 25, 2016","6.218","6.322","6.366","6.176","27.95M","-2.02%"
"Apr 22, 2016","6.346","6.264","6.370","6.245","35.36M","0.87%"
"Apr 21, 2016","6.291","6.201","6.342","6.164","46.81M","2.03%"
"Apr 20, 2016","6.166","5.858","6.173","5.821","58.52M","5.76%"
"Apr 19, 2016","5.830","5.807","5.872","5.778","30.64M","0.90%"
"Apr 18, 2016","5.778","5.632","5.803","5.581","22.51M","0.64%"
"Apr 15, 2016","5.741","5.712","5.765","5.659","22.50M","0.35%"
"Apr 14, 2016","5.721","5.664","5.731","5.545","41.37M","1.15%"
"Apr 13, 2016","5.656","5.432","5.656","5.407","56.95M","6.12%"
"Apr 12, 2016","5.330","5.341","5.442","5.217","49.57M","0.74%"
"Apr 11, 2016","5.291","5.242","5.382","5.184","50.74M","0.99%"
"Apr 08, 2016","5.239","5.154","5.302","5.154","50.85M","1.55%"
"Apr 07, 2016","5.159","5.300","5.310","5.137","34.77M","-2.62%"
"Apr 06, 2016","5.298","5.329","5.443","5.255","45.20M","-0.58%"
"Apr 05, 2016","5.329","5.411","5.434","5.314","31.22M","-2.65%"
"Apr 04, 2016","5.474","5.470","5.559","5.419","19.37M","0.07%"
"Apr 01, 2016","5.470","5.485","5.615","5.426","71.00M","-1.64%"
"Mar 31, 2016","5.561","5.628","5.673","5.522","46.94M","-1.80%"
"Mar 30, 2016","5.663","5.716","5.778","5.659","28.75M","0.04%"
"Mar 29, 2016","5.661","5.783","5.835","5.620","21.13M","-1.01%"
"Mar 24, 2016","5.719","5.796","5.842","5.689","25.81M","-2.22%"
"Mar 23, 2016","5.849","5.986","6.020","5.808","17.91M","-1.88%"
"Mar 22, 2016","5.961","5.937","5.961","5.829","19.71M","-0.60%"
"Mar 21, 2016","5.997","6.013","6.145","5.977","18.50M","-1.25%"
"Mar 18, 2016","6.073","6.035","6.154","5.931","43.38M","0.86%"
"Mar 17, 2016","6.021","6.127","6.135","5.826","40.96M","0.22%"
"Mar 16, 2016","6.008","6.046","6.135","5.916","25.36M","-0.63%"
"Mar 15, 2016","6.046","6.192","6.217","6.008","33.16M","-2.95%"
"Mar 14, 2016","6.230","6.283","6.345","6.217","31.93M","0.45%"
"Mar 11, 2016","6.202","5.993","6.224","5.959","42.82M","6.20%"
"Mar 10, 2016","5.840","5.769","6.168","5.678","67.50M","1.35%"
"Mar 09, 2016","5.762","5.797","5.873","5.718","27.02M","-0.71%"
"Mar 08, 2016","5.803","5.784","5.949","5.732","26.40M","-1.19%"
"Mar 07, 2016","5.873","5.919","5.967","5.731","21.77M","-1.04%"
"Mar 04, 2016","5.935","5.963","6.015","5.849","31.23M","0.19%"
"Mar 03, 2016","5.924","5.911","5.959","5.825","30.16M","0.58%"
"Mar 02, 2016","5.890","5.702","5.929","5.683","38.21M","4.43%"
"Mar 01, 2016","5.640","5.551","5.648","5.500","23.64M","1.18%"
"Feb 29, 2016","5.574","5.406","5.574","5.334","24.82M","1.51%"
"Feb 26, 2016","5.491","5.264","5.519","5.250","37.78M","5.66%"
"Feb 25, 2016","5.197","5.178","5.273","5.136","22.11M","2.20%"
"Feb 24, 2016","5.085","5.306","5.324","5.048","34.60M","-4.54%"
"Feb 23, 2016","5.327","5.430","5.588","5.318","26.70M","-2.77%"
"Feb 22, 2016","5.479","5.334","5.481","5.312","20.66M","3.91%"
"Feb 19, 2016","5.273","5.364","5.450","5.179","29.20M","-2.06%"
"Feb 18, 2016","5.384","5.616","5.644","5.344","29.01M","-3.15%"
"Feb 17, 2016","5.559","5.377","5.572","5.333","28.63M","4.06%"
"Feb 16, 2016","5.342","5.464","5.464","5.259","24.67M","-0.89%"
"Feb 15, 2016","5.390","5.442","5.461","5.293","31.22M","2.92%"
"Feb 12, 2016","5.237","5.070","5.237","5.007","51.56M","4.97%"
"Feb 11, 2016","4.989","5.287","5.287","4.989","57.97M","-7.15%"
"Feb 10, 2016","5.373","5.150","5.464","5.114","50.23M","6.25%"
"Feb 09, 2016","5.057","5.304","5.444","5.023","53.75M","-4.66%"
"Feb 08, 2016","5.304","5.701","5.701","5.269","31.71M","-5.61%"
"Feb 05, 2016","5.619","5.482","5.654","5.397","42.56M","2.33%"
"Feb 04, 2016","5.491","5.296","5.512","5.173","38.22M","5.33%"
"Feb 03, 2016","5.213","5.333","5.378","5.057","33.71M","-2.16%"
"Feb 02, 2016","5.328","5.494","5.512","5.264","38.08M","-3.51%"
"Feb 01, 2016","5.522","5.643","5.673","5.477","24.57M","-1.60%"
"Jan 29, 2016","5.612","5.533","5.625","5.474","31.40M","3.24%"
"Jan 28, 2016","5.436","5.596","5.697","5.397","43.86M","-3.43%"
"Jan 27, 2016","5.629","5.608","5.637","5.528","16.41M","0.04%"
"Jan 26, 2016","5.627","5.384","5.627","5.355","57.46M","2.44%"
"Jan 25, 2016","5.493","5.725","5.734","5.456","20.95M","-3.17%"
"Jan 22, 2016","5.673","5.629","5.737","5.546","44.51M","3.41%"
"Jan 21, 2016","5.486","5.347","5.535","5.307","30.93M","2.73%"
"Jan 20, 2016","5.340","5.440","5.446","5.279","30.08M","-3.73%"
"Jan 19, 2016","5.547","5.645","5.683","5.535","30.02M","0.22%"
"Jan 18, 2016","5.535","5.606","5.675","5.516","26.74M","-1.53%"
"Jan 15, 2016","5.621","5.816","5.839","5.584","92.93M","-3.83%"
"Jan 14, 2016","5.845","5.899","5.902","5.746","29.17M","-1.10%"
"Jan 13, 2016","5.910","5.963","6.050","5.855","55.17M","0.02%"
"Jan 12, 2016","5.909","5.921","6.036","5.832","29.14M","-0.89%"
"Jan 11, 2016","5.962","5.902","6.073","5.902","31.02M","-0.17%"
"Jan 08, 2016","5.972","6.141","6.173","5.952","30.40M","-2.26%"
"Jan 07, 2016","6.110","6.045","6.135","5.984","38.63M","-1.28%"
"Jan 06, 2016","6.189","6.301","6.306","6.129","79.72M","-2.15%"
"Jan 05, 2016","6.325","6.542","6.545","6.273","22.44M","0.67%"
"Jan 04, 2016","6.283","6.349","6.367","6.229","24.39M","-2.06%"
"Dec 31, 2015","6.415","6.521","6.521","6.396","7.67M","-1.41%"
"Dec 30, 2015","6.507","6.516","6.554","6.473","10.61M","-0.46%"
"Dec 29, 2015","6.537","6.560","6.568","6.488","12.37M","0.17%"
"Dec 28, 2015","6.526","6.621","6.666","6.499","11.08M","-1.23%"
"Dec 24, 2015","6.607","6.625","6.678","6.569","6.11M","0.18%"
"Dec 23, 2015","6.595","6.511","6.641","6.482","20.42M","2.63%"
"Dec 22, 2015","6.426","6.459","6.483","6.373","17.35M","0.61%"
"Dec 21, 2015","6.387","6.568","6.609","6.387","31.31M","-4.71%"
"Dec 18, 2015","6.703","6.718","6.786","6.616","48.02M","-1.25%"
"Dec 17, 2015","6.788","6.809","6.885","6.752","35.26M","1.94%"
"Dec 16, 2015","6.659","6.683","6.719","6.545","41.22M","0.96%"
"Dec 15, 2015","6.596","6.492","6.649","6.483","41.87M","1.87%"
"Dec 14, 2015","6.475","6.688","6.740","6.475","27.74M","-2.75%"
"Dec 11, 2015","6.658","6.802","6.840","6.644","30.94M","-2.40%"
"Dec 10, 2015","6.822","6.777","6.895","6.733","23.47M","0.00%"
"Dec 09, 2015","6.822","6.809","6.902","6.687","25.27M","0.29%"
"Dec 08, 2015","6.802","6.927","6.941","6.763","23.99M","-2.24%"
"Dec 07, 2015","6.958","7.079","7.087","6.935","21.06M","-0.93%"
"Dec 04, 2015","7.023","6.997","7.073","6.892","32.34M","-0.61%"
"Dec 03, 2015","7.066","7.282","7.320","7.025","48.16M","-3.07%"
"Dec 02, 2015","7.290","7.452","7.503","7.273","30.38M","-2.53%"
"Dec 01, 2015","7.479","7.511","7.558","7.451","17.17M","0.01%"
"Nov 30, 2015","7.478","7.436","7.527","7.396","20.67M","0.47%"
"Nov 27, 2015","7.443","7.469","7.544","7.433","31.13M","-0.65%"
"Nov 26, 2015","7.492","7.387","7.530","7.332","13.40M","1.37%"
"Nov 25, 2015","7.391","7.384","7.425","7.263","26.26M","0.01%"
"Nov 24, 2015","7.390","7.367","7.390","7.258","18.23M","-0.15%"
"Nov 23, 2015","7.401","7.348","7.442","7.305","13.73M","0.52%"
"Nov 20, 2015","7.363","7.466","7.495","7.339","16.97M","-0.96%"
"Nov 19, 2015","7.434","7.380","7.515","7.374","24.28M","1.65%"
"Nov 18, 2015","7.313","7.312","7.345","7.282","20.42M","-0.27%"
"Nov 17, 2015","7.333","7.258","7.362","7.249","16.90M","1.93%"
"Nov 16, 2015","7.194","7.116","7.263","7.115","13.31M","-0.12%"
"Nov 13, 2015","7.203","7.159","7.251","7.102","17.46M","0.42%"
"Nov 12, 2015","7.173","7.418","7.442","7.170","31.38M","-3.67%"
"Nov 11, 2015","7.446","7.438","7.544","7.415","23.01M","0.16%"
"Nov 10, 2015","7.434","7.509","7.567","7.401","17.61M","-0.83%"
"Nov 09, 2015","7.496","7.568","7.620","7.496","12.74M","-0.82%"
"Nov 06, 2015","7.558","7.393","7.621","7.392","36.93M","2.23%"
"Nov 05, 2015","7.393","7.549","7.568","7.368","27.83M","-2.07%"
"Nov 04, 2015","7.549","7.558","7.663","7.513","26.49M","0.32%"
"Nov 03, 2015","7.525","7.476","7.537","7.444","27.82M","0.57%"
"Nov 02, 2015","7.482","7.425","7.533","7.401","19.94M","0.25%"
"Oct 30, 2015","7.463","7.425","7.525","7.344","56.10M","-3.47%"
"Oct 29, 2015","7.731","7.870","7.872","7.626","24.66M","-0.87%"
"Oct 28, 2015","7.799","7.652","7.825","7.642","25.75M","1.85%"
"Oct 27, 2015","7.657","7.739","7.745","7.627","16.79M","-1.23%"
"Oct 26, 2015","7.752","7.713","7.815","7.673","20.21M","0.38%"
"Oct 23, 2015","7.723","7.806","7.881","7.701","26.62M","-0.06%"
"Oct 22, 2015","7.728","7.525","7.790","7.516","30.42M","2.25%"
"Oct 21, 2015","7.558","7.580","7.611","7.474","17.36M","0.13%"
"Oct 20, 2015","7.548","7.598","7.615","7.473","15.14M","-0.58%"
"Oct 19, 2015","7.592","7.661","7.729","7.555","20.40M","-0.78%"
"Oct 16, 2015","7.652","7.596","7.673","7.561","17.41M","1.34%"
"Oct 15, 2015","7.551","7.508","7.585","7.496","29.38M","1.44%"
"Oct 14, 2015","7.444","7.482","7.537","7.416","29.22M","-0.89%"
"Oct 13, 2015","7.511","7.636","7.636","7.496","24.51M","-2.05%"
"Oct 12, 2015","7.668","7.694","7.763","7.630","15.71M","-0.47%"
"Oct 09, 2015","7.704","7.588","7.714","7.568","39.73M","2.53%"
"Oct 08, 2015","7.514","7.495","7.563","7.450","24.38M","-0.27%"
"Oct 07, 2015","7.534","7.413","7.633","7.356","37.00M","2.69%"
"Oct 06, 2015","7.337","7.282","7.368","7.201","20.47M","1.02%"
"Oct 05, 2015","7.263","7.241","7.311","7.169","30.83M","2.60%"
"Oct 02, 2015","7.079","7.187","7.194","6.953","34.22M","-1.08%"
"Oct 01, 2015","7.156","7.247","7.259","7.138","19.25M","0.14%"
"Sep 30, 2015","7.146","7.215","7.236","7.136","21.09M","1.03%"
"Sep 29, 2015","7.073","6.864","7.132","6.844","24.92M","2.00%"
"Sep 28, 2015","6.934","7.064","7.134","6.896","21.90M","-1.98%"
"Sep 25, 2015","7.074","7.021","7.128","6.986","27.29M","2.34%"
"Sep 24, 2015","6.912","6.988","7.069","6.865","29.98M","-1.06%"
"Sep 23, 2015","6.986","7.044","7.154","6.986","27.71M","-1.22%"
"Sep 22, 2015","7.072","7.282","7.282","7.030","35.76M","-2.88%"
"Sep 21, 2015","7.282","7.236","7.342","7.218","18.21M","0.23%"
"Sep 18, 2015","7.265","7.498","7.500","7.249","48.84M","-4.24%"
"Sep 17, 2015","7.587","7.515","7.630","7.514","21.88M","0.77%"
"Sep 16, 2015","7.529","7.444","7.532","7.424","28.83M","1.94%"
"Sep 15, 2015","7.386","7.326","7.437","7.259","19.61M","0.90%"
"Sep 14, 2015","7.320","7.390","7.438","7.282","14.24M","-0.45%"
"Sep 11, 2015","7.353","7.468","7.471","7.319","17.76M","-0.94%"
"Sep 10, 2015","7.423","7.522","7.544","7.401","17.93M","-1.94%"
"Sep 09, 2015","7.570","7.607","7.717","7.547","22.32M","1.84%"
"Sep 08, 2015","7.433","7.429","7.554","7.418","15.64M","0.60%"
"Sep 07, 2015","7.389","7.453","7.510","7.389","11.08M","-0.36%"
"Sep 04, 2015","7.416","7.495","7.523","7.333","28.32M","-2.34%"
"Sep 03, 2015","7.594","7.570","7.669","7.509","20.20M","1.04%"
"Sep 02, 2015","7.516","7.556","7.636","7.436","18.88M","-0.17%"
"Sep 01, 2015","7.529","7.683","7.698","7.464","30.22M","-3.35%"
"Aug 31, 2015","7.790","7.834","7.857","7.741","13.25M","-1.13%"
"Aug 28, 2015","7.879","7.870","7.895","7.770","13.99M","0.23%"
"Aug 27, 2015","7.861","7.848","7.919","7.782","29.40M","3.07%"
"Aug 26, 2015","7.627","7.675","7.748","7.547","32.45M","-1.73%"
"Aug 25, 2015","7.761","7.575","7.824","7.519","38.74M","3.81%"
"Aug 24, 2015","7.476","7.636","7.723","7.254","80.14M","-4.90%"
"Aug 21, 2015","7.861","8.013","8.149","7.861","38.91M","-3.17%"
"Aug 20, 2015","8.118","8.270","8.307","8.079","27.95M","-2.10%"
"Aug 19, 2015","8.292","8.400","8.459","8.292","23.76M","-1.99%"
"Aug 18, 2015","8.460","8.481","8.528","8.405","12.22M","-0.46%"
"Aug 17, 2015","8.499","8.571","8.614","8.382","19.25M","0.08%"
"Aug 14, 2015","8.492","8.522","8.607","8.436","19.20M","-0.54%"
"Aug 13, 2015","8.538","8.587","8.652","8.527","13.13M","0.36%"
"Aug 12, 2015","8.507","8.673","8.681","8.456","28.39M","-2.64%"
"Aug 11, 2015","8.738","8.803","8.855","8.717","23.66M","-1.04%"
"Aug 10, 2015","8.830","8.768","8.852","8.711","14.00M","1.03%"
"Aug 07, 2015","8.740","8.759","8.763","8.684","15.08M","0.01%"
"Aug 06, 2015","8.739","8.699","8.764","8.684","12.73M","0.17%"
"Aug 05, 2015","8.724","8.651","8.749","8.598","19.72M","1.48%"
"Aug 04, 2015","8.597","8.752","8.752","8.551","25.12M","-1.77%"
"Aug 03, 2015","8.752","8.638","8.774","8.626","32.55M","0.76%"
"Jul 31, 2015","8.686","8.759","8.765","8.504","29.15M","-0.56%"
"Jul 30, 2015","8.735","8.800","8.813","8.638","20.18M","-0.40%"
"Jul 29, 2015","8.770","8.788","8.803","8.678","18.42M","0.07%"
"Jul 28, 2015","8.764","8.634","8.776","8.626","19.58M","1.71%"
"Jul 27, 2015","8.617","8.701","8.716","8.598","18.76M","-1.69%"
"Jul 24, 2015","8.765","8.816","8.862","8.739","15.26M","-0.94%"
"Jul 23, 2015","8.848","8.909","8.909","8.823","14.06M","-0.12%"
"Jul 22, 2015","8.859","8.758","8.906","8.730","22.24M","0.52%"
"Jul 21, 2015","8.813","8.869","8.902","8.778","17.83M","-0.52%"
"Jul 20, 2015","8.859","8.807","8.922","8.807","20.74M","0.53%"
"Jul 17, 2015","8.812","8.862","8.862","8.769","27.28M","-0.20%"
"Jul 16, 2015","8.830","8.729","8.852","8.725","27.52M","1.08%"
"Jul 15, 2015","8.736","8.749","8.765","8.681","17.11M","-0.14%"
"Jul 14, 2015","8.748","8.661","8.748","8.616","29.62M","0.56%"
"Jul 13, 2015","8.699","8.672","8.753","8.590","28.82M","2.32%"
"Jul 10, 2015","8.502","8.428","8.559","8.389","34.55M","3.39%"
"Jul 09, 2015","8.223","8.013","8.273","8.007","26.23M","3.10%"
"Jul 08, 2015","7.976","7.896","8.027","7.840","26.91M","1.30%"
"Jul 07, 2015","7.874","8.086","8.098","7.858","33.51M","-2.31%"
"Jul 06, 2015","8.060","8.145","8.209","8.013","33.67M","-3.25%"
"Jul 03, 2015","8.331","8.334","8.353","8.232","20.17M","-0.04%"
"Jul 02, 2015","8.334","8.449","8.483","8.310","20.75M","-1.37%"
"Jul 01, 2015","8.450","8.381","8.571","8.308","26.01M","1.94%"
"Jun 30, 2015","8.289","8.306","8.456","8.239","42.58M","-0.35%"
"Jun 29, 2015","8.318","8.117","8.485","8.023","59.85M","-6.01%"
"Jun 26, 2015","8.850","8.764","8.916","8.699","19.61M","0.68%"
"Jun 25, 2015","8.790","8.764","8.921","8.694","28.12M","-0.05%"
"Jun 24, 2015","8.794","8.890","8.891","8.692","18.35M","-0.63%"
"Jun 23, 2015","8.850","8.909","8.935","8.832","30.32M","-0.16%"
"Jun 22, 2015","8.864","8.673","8.890","8.656","35.95M","4.18%"
"Jun 19, 2015","8.508","8.416","8.567","8.396","49.70M","1.30%"
"Jun 18, 2015","8.399","8.287","8.408","8.193","41.75M","0.73%"
"Jun 17, 2015","8.338","8.420","8.466","8.310","16.59M","-0.74%"
"Jun 16, 2015","8.400","8.289","8.416","8.204","22.55M","0.63%"
"Jun 15, 2015","8.347","8.365","8.436","8.268","21.38M","-1.93%"
"Jun 12, 2015","8.511","8.539","8.617","8.392","21.40M","-0.63%"
"Jun 11, 2015","8.565","8.485","8.631","8.462","22.50M","0.63%"
"Jun 10, 2015","8.511","8.276","8.547","8.241","21.93M","2.06%"
"Jun 09, 2015","8.339","8.306","8.366","8.174","25.17M","0.29%"
"Jun 08, 2015","8.315","8.362","8.444","8.315","22.17M","-1.89%"
"Jun 05, 2015","8.475","8.475","8.521","8.386","23.24M","-0.91%"
"Jun 04, 2015","8.553","8.540","8.678","8.458","21.31M","-0.86%"
"Jun 03, 2015","8.627","8.606","8.701","8.527","21.40M","0.89%"
"Jun 02, 2015","8.551","8.541","8.636","8.402","24.62M","0.86%"
"Jun 01, 2015","8.478","8.505","8.573","8.421","14.08M","0.00%"
"May 29, 2015","8.478","8.571","8.614","8.449","27.45M","-1.09%"
"May 28, 2015","8.571","8.598","8.636","8.489","14.12M","-0.82%"
"May 27, 2015","8.642","8.521","8.681","8.475","22.53M","1.90%"
"May 26, 2015","8.481","8.523","8.590","8.424","42.19M","-1.14%"
"May 25, 2015","8.579","8.588","8.672","8.513","12.57M","-2.09%"
"May 22, 2015","8.762","8.787","8.800","8.736","13.56M","-0.26%"
"May 21, 2015","8.785","8.730","8.785","8.674","19.50M","0.15%"
"May 20, 2015","8.772","8.665","8.800","8.647","17.88M","1.00%"
"May 19, 2015","8.685","8.569","8.701","8.562","26.53M","2.07%"
"May 18, 2015","8.509","8.541","8.560","8.403","34.74M","-0.50%"
"May 15, 2015","8.552","8.668","8.687","8.504","23.44M","-0.95%"
"May 14, 2015","8.634","8.519","8.674","8.433","19.61M","1.37%"
"May 13, 2015","8.517","8.539","8.643","8.488","19.73M","-0.08%"
"May 12, 2015","8.524","8.489","8.554","8.443","22.24M","-0.55%"
"May 11, 2015","8.571","8.605","8.617","8.513","14.43M","-0.43%"
"May 08, 2015","8.608","8.542","8.611","8.492","30.28M","1.45%"
"May 07, 2015","8.485","8.416","8.527","8.291","28.59M","0.57%"
"May 06, 2015","8.437","8.336","8.481","8.325","26.19M","1.41%"
"May 05, 2015","8.320","8.512","8.626","8.296","37.83M","-2.37%"
"May 04, 2015","8.522","8.485","8.586","8.376","31.07M","0.44%"
"Apr 30, 2015","8.485","8.539","8.587","8.456","46.62M","-1.04%"
"Apr 29, 2015","8.574","8.852","8.862","8.560","55.57M","-3.79%"
"Apr 28, 2015","8.912","8.978","8.978","8.857","20.70M","-0.59%"
"Apr 27, 2015","8.965","8.881","9.023","8.706","33.47M","1.47%"
"Apr 24, 2015","8.835","8.843","8.980","8.748","23.24M","0.00%"
"Apr 23, 2015","8.835","8.795","8.835","8.636","20.16M","0.84%"
"Apr 22, 2015","8.761","8.775","8.826","8.626","38.93M","0.30%"
"Apr 21, 2015","8.735","8.654","8.805","8.623","27.89M","0.98%"
"Apr 20, 2015","8.650","8.666","8.673","8.584","24.87M","-0.25%"
"Apr 17, 2015","8.672","8.857","8.913","8.607","37.57M","-2.45%"
"Apr 16, 2015","8.890","9.123","9.128","8.848","37.24M","-2.36%"
"Apr 15, 2015","9.105","9.050","9.158","9.022","29.16M","1.05%"
"Apr 14, 2015","9.010","9.106","9.187","8.948","31.67M","-1.59%"
"Apr 13, 2015","9.156","9.011","9.168","8.994","16.51M","1.59%"
"Apr 10, 2015","9.013","9.113","9.115","8.937","25.99M","-0.79%"
"Apr 09, 2015","9.085","9.097","9.113","9.025","16.62M","0.44%"
"Apr 08, 2015","9.045","9.152","9.188","8.996","22.06M","-1.34%"
"Apr 07, 2015","9.168","9.145","9.212","9.139","36.52M","0.66%"
"Apr 02, 2015","9.108","9.045","9.125","9.006","23.19M","0.74%"
"Apr 01, 2015","9.041","8.829","9.041","8.809","30.31M","1.94%"
"Mar 31, 2015","8.869","8.831","8.947","8.792","25.71M","-0.02%"
"Mar 30, 2015","8.871","8.864","8.914","8.815","20.92M","1.05%"
"Mar 27, 2015","8.779","8.861","8.884","8.768","24.48M","-0.71%"
"Mar 26, 2015","8.842","8.800","8.847","8.695","24.83M","0.12%"
"Mar 25, 2015","8.831","8.868","8.926","8.777","19.90M","-0.75%"
"Mar 24, 2015","8.898","8.730","8.934","8.727","31.51M","1.60%"
"Mar 23, 2015","8.758","8.667","8.793","8.646","38.65M","0.45%"
"Mar 20, 2015","8.719","8.444","8.777","8.414","52.64M","3.23%"
"Mar 19, 2015","8.446","8.405","8.521","8.388","28.41M","0.60%"
"Mar 18, 2015","8.396","8.457","8.483","8.298","33.10M","-0.62%"
"Mar 17, 2015","8.448","8.542","8.562","8.380","25.17M","-1.10%"
"Mar 16, 2015","8.542","8.525","8.606","8.500","28.28M","0.52%"
"Mar 13, 2015","8.498","8.498","8.522","8.415","19.51M","0.50%"
"Mar 12, 2015","8.456","8.395","8.484","8.379","31.47M","0.71%"
"Mar 11, 2015","8.396","8.327","8.408","8.261","24.25M","1.32%"
"Mar 10, 2015","8.287","8.372","8.386","8.190","24.82M","-0.97%"
"Mar 09, 2015","8.368","8.333","8.386","8.267","19.50M","-0.42%"
"Mar 06, 2015","8.403","8.353","8.432","8.311","25.24M","-1.00%"
"Mar 05, 2015","8.488","8.443","8.516","8.406","26.77M","0.90%"
"Mar 04, 2015","8.412","8.387","8.437","8.276","19.71M","0.68%"
"Mar 03, 2015","8.355","8.508","8.526","8.321","24.04M","-1.59%"
"Mar 02, 2015","8.490","8.499","8.563","8.417","27.59M","-0.08%"
"Feb 27, 2015","8.497","8.405","8.497","8.380","36.23M","0.78%"
"Feb 26, 2015","8.431","8.290","8.457","8.285","23.36M","1.21%"
"Feb 25, 2015","8.330","8.346","8.394","8.291","20.78M","-0.68%"
"Feb 24, 2015","8.387","8.450","8.467","8.323","26.52M","-0.10%"
"Feb 23, 2015","8.395","8.445","8.465","8.311","26.22M","1.01%"
"Feb 20, 2015","8.311","8.278","8.407","8.185","34.00M","-0.08%"
"Feb 19, 2015","8.318","8.229","8.327","8.150","38.60M","0.62%"
"Feb 18, 2015","8.267","8.153","8.275","8.149","37.70M","2.16%"
"Feb 17, 2015","8.092","7.959","8.155","7.873","35.56M","1.31%"
"Feb 16, 2015","7.987","8.017","8.157","7.959","25.59M","-0.70%"
"Feb 13, 2015","8.043","7.873","8.098","7.839","46.91M","3.09%"
"Feb 12, 2015","7.802","7.574","7.843","7.544","36.39M","2.58%"
"Feb 11, 2015","7.606","7.606","7.682","7.554","23.21M","-0.81%"
"Feb 10, 2015","7.668","7.608","7.756","7.573","26.11M","1.29%"
"Feb 09, 2015","7.570","7.680","7.712","7.489","30.95M","-2.86%"
"Feb 06, 2015","7.793","7.720","7.816","7.643","36.17M","1.26%"
"Feb 05, 2015","7.696","7.645","7.702","7.519","32.59M","-0.29%"
"Feb 04, 2015","7.718","7.660","7.861","7.627","69.77M","2.82%"
"Feb 03, 2015","7.506","7.310","7.542","7.296","52.38M","3.87%"
"Feb 02, 2015","7.226","7.208","7.226","6.989","44.24M","0.49%"
"Jan 30, 2015","7.191","7.277","7.287","7.113","41.69M","-0.19%"
"Jan 29, 2015","7.205","7.191","7.290","7.079","31.08M","0.07%"
"Jan 28, 2015","7.200","7.499","7.527","7.153","46.13M","-3.70%"
"Jan 27, 2015","7.477","7.542","7.565","7.371","30.80M","-1.31%"
"Jan 26, 2015","7.576","7.513","7.625","7.429","24.54M","0.20%"
"Jan 23, 2015","7.561","7.649","7.702","7.461","55.18M","0.17%"
"Jan 22, 2015","7.548","7.484","7.622","7.413","50.50M","1.47%"
"Jan 21, 2015","7.439","7.433","7.475","7.245","37.26M","0.54%"
"Jan 20, 2015","7.399","7.324","7.447","7.287","43.33M","2.18%"
"Jan 19, 2015","7.241","7.178","7.296","7.091","25.38M","1.60%"
"Jan 16, 2015","7.127","7.051","7.154","7.016","35.19M","0.59%"
"Jan 15, 2015","7.085","7.086","7.149","6.822","39.15M","1.23%"
"Jan 14, 2015","6.999","6.983","7.182","6.945","31.03M","-1.14%"
"Jan 13, 2015","7.080","6.972","7.141","6.955","22.90M","1.42%"
"Jan 12, 2015","6.981","7.007","7.040","6.861","31.40M","0.79%"
"Jan 09, 2015","6.926","7.097","7.143","6.843","59.42M","-3.15%"
"Jan 08, 2015","7.151","7.205","7.262","6.955","46.07M","1.13%"
"Jan 07, 2015","7.071","7.123","7.239","7.038","32.13M","0.28%"
"Jan 06, 2015","7.051","7.216","7.262","7.050","28.08M","-1.62%"
"Jan 05, 2015","7.167","7.438","7.492","7.145","38.01M","-4.36%"
"Jan 02, 2015","7.494","7.568","7.596","7.427","22.66M","0.83%"